new_cases,PRECIPITATION,REL_HUMIDITY,MAX_TEMP,MIN_TEMP,MAX_WIND_SPEED,WIND_S50M,SOLAR1_INS_CLEAR_IND,SOLAR2_ALL_SKY_II,SOLAR3_DWN_THERM_IR,Level
0,0,72.89,2.69,-8.48,4.24,3.32,0.53,2.44,5.97,Level1
0,0,70.81,3.04,-8.4,2.44,2.22,0.47,2.15,6.05,Level1
17,0,58.96,5.21,-5.28,3.37,2.83,0.55,2.55,5.74,Level1
0,0.4,80.06,3.69,-3.71,7.62,6.97,0.65,3.04,5.97,Level1
15,0.42,63.76,0.61,-6.26,4.95,4.26,0.33,1.52,6.63,Level1
0,0.69,68.63,-2.37,-9.05,4.45,3.1,0.51,2.4,5.72,Level1
0,0.06,69.65,2.94,-10.17,4.44,3.49,0.69,3.25,4.96,Level1
0,0.04,77.21,2.41,-7.34,4.83,5.12,0.67,3.2,5.62,Level1
0,1.04,79.23,-0.25,-7.48,4.89,3.42,0.24,1.15,6.64,Level1
0,1.24,80.31,-4.31,-9.31,2.82,2.31,0.28,1.33,6.2,Level1
0,0.02,52.82,4.04,-10.95,4.99,4.25,0.55,2.68,4.68,Level1
0,0.04,62.5,-0.34,-10.67,3.34,3.43,0.56,2.7,5.37,Level1
0,0.12,71.36,0.95,-12.5,4.56,3.32,0.67,3.27,4.99,Level1
0,0,80.59,1.96,-9.42,7.49,6.05,0.38,1.88,5.99,Level1
0,0.19,79.53,-1.1,-8.53,5.28,2.9,0.16,0.78,5.79,Level1
0,0.01,73.79,2.39,-9.84,3.97,2.93,0.68,3.38,5.03,Level1
4,0,77.95,1.84,-10.84,4.34,3.18,0.6,3.04,5.45,Level1
17,0.15,71.95,-5.12,-9.48,7.28,4.54,0.34,1.73,5.61,Level1
136,0.02,64.25,-1.31,-8.96,2.5,1.97,0.6,3.07,5.01,Level1
19,0.01,74.03,0.86,-9.57,4.76,4.02,0.61,3.14,5.25,Level1
151,0,66.06,3.98,-7.36,3.04,2.54,0.7,3.65,4.83,Level1
140,0,66.69,3.95,-7.64,3.17,3.35,0.7,3.65,4.87,Level1
97,2.38,75.46,-2.48,-7.72,3.51,3.27,0.34,1.76,6.12,Level1
259,0.39,78.49,-1.83,-8.57,2.97,2.24,0.28,1.49,5.7,Level1
441,0.04,75.44,1.74,-10.23,4.95,4.58,0.39,2.1,5.91,Level1
665,0.03,73.68,0.49,-9.79,4.47,4.41,0.22,1.19,6.06,Level1
787,0.01,68.15,0.1,-9.98,2.96,2.37,0.59,3.21,5,Level1
1753,0,63.17,1.5,-9.99,3.28,2.32,0.71,3.89,4.7,Level1
1466,0,54.46,3.01,-9.53,3.4,3.29,0.72,4,4.49,Level1
1740,0,56.4,4.17,-9.55,4.38,4.13,0.73,4.05,4.62,Level1
1980,0.09,76.59,2.48,-8.21,3.48,3.23,0.68,3.82,5.43,Level1
2095,0.15,74.41,0.82,-5.35,6.18,3.9,0.25,1.44,6.23,Level2
2590,0.12,59.96,-0.71,-8.96,4.02,3.22,0.67,3.83,5.02,Level2
2812,0,42.54,4.88,-10.81,4.95,5.24,0.74,4.27,4.36,Level2
3237,0,47.75,4.57,-9.91,4.13,3.63,0.72,4.21,4.83,Level2
3872,0.35,80.25,0.85,-7.4,3.06,2.97,0.22,1.31,5.89,Level2
3727,0.03,71.08,3.57,-8.51,5.08,4.58,0.6,3.54,5.95,Level2
3160,0.09,65.41,4.22,-7.12,3.36,2.78,0.71,4.25,5.63,Level2
3418,0.29,57.04,1.84,-5.58,2.71,2.69,0.71,4.28,5.76,Level2
2607,0,56.3,6.14,-6.72,4.07,4.18,0.73,4.42,4.95,Level2
2974,0,53.87,7.57,-4.39,3.17,3.73,0.69,4.24,5.4,Level2
2490,0,37.15,8.67,-4.3,5.28,4.86,0.75,4.62,4.8,Level2
2028,0,33.29,10.85,-3.6,6.4,6.27,0.75,4.67,4.86,Level2
15141,0.01,40.98,9.18,-7.21,8.66,7.4,0.64,4.01,5.44,Level4
4156,0.05,46.09,-5.66,-14.39,8.12,7.48,0.73,4.62,4.7,Level2
2538,0,44.48,-3.31,-17.67,5.26,3.85,0.76,4.88,4.07,Level2
2007,0,40.08,0.74,-13.75,3.53,2.63,0.75,4.84,4.41,Level2
2052,0,50.59,4.07,-11.86,4.86,4.4,0.74,4.85,4.8,Level2
1890,0.01,54.57,3.93,-8.19,4.27,3.6,0.73,4.77,5.57,Level1
1750,0.01,57.55,8.21,-7.39,5.46,4.69,0.75,4.97,5.31,Level1
394,0.1,58.64,-0.57,-7.2,10.62,6.2,0.51,3.42,5.86,Level1
891,0,55.73,4.13,-9.3,4.99,4.04,0.75,5.03,4.84,Level1
826,0,49.61,10.19,-6.99,5.18,4.7,0.75,5.12,5.01,Level1
647,0,55.51,11.84,-1.58,4.4,4.81,0.65,4.49,5.98,Level1
218,0,43.55,9.37,-2.79,4.69,5.11,0.74,5.15,5.36,Level1
515,0,54.59,12.61,-2.88,3.45,3.61,0.73,5.13,5.61,Level1
410,0.22,71.03,13.53,-1.38,5.34,4.86,0.68,4.83,6.59,Level1
439,4.26,77.49,4.09,-3.25,5.74,4.83,0.14,1.01,6.66,Level1
329,0,39.11,12.86,-3.35,5.51,4.77,0.75,5.43,5.2,Level1
428,0,50.26,6.85,-5.36,6.35,6.35,0.74,5.41,5.24,Level1
574,0.3,55.21,4.11,-5.86,4.46,4.32,0.65,4.75,5.81,Level1
205,0.73,50.46,5.8,-4.09,5.79,4.22,0.67,5,5.9,Level1
127,0.44,50.61,7.75,-3.12,3.01,2.15,0.69,5.14,5.76,Level1
119,0,51.08,10.82,-2.6,6.42,4.65,0.69,5.21,5.42,Level1
117,0,65.32,11.28,-3.09,5.19,5,0.65,4.92,5.88,Level1
170,0,51.66,9.36,-4.83,4.35,4.34,0.63,4.84,6.27,Level1
101,0.06,61.04,15.36,-2.29,7.66,7.03,0.71,5.49,6.27,Level1
46,1.03,64.7,3.4,-5.04,10.15,8.38,0.22,1.71,6.7,Level1
45,0.42,53.97,0.24,-5.79,5.69,4.32,0.55,4.36,5.74,Level1
20,0.03,46.57,6.71,-5.85,3.67,3.25,0.64,5.07,5.3,Level1
29,0.01,50.54,9.26,-3.16,3.89,4.53,0.67,5.35,5.87,Level1
24,0.18,41.04,7.37,-5.28,7.43,5.35,0.67,5.43,6.09,Level1
22,0.25,54.1,5.35,-5.87,4.61,3.92,0.73,5.91,4.97,Level1
19,0,43.5,10.13,-4.86,3.82,3.18,0.72,5.93,5.52,Level1
22,3.86,75.54,4.55,-2.16,6.56,4.47,0.18,1.46,6.69,Level1
25,3.68,56.42,7.07,-2.67,4.16,3.8,0.53,4.46,6.29,Level1
43,0,45.86,11.36,-3.67,3.53,3.33,0.72,6.09,5.32,Level1
23,0,35.34,12.12,-2.53,7.54,5.2,0.72,6.07,5.44,Level1
44,0,41.8,14.15,-1.95,3.84,3.59,0.72,6.14,5.61,Level1
99,0.44,53.42,14.97,-1.96,4.34,3.61,0.59,5.09,6.45,Level1
52,2.08,54.5,13.11,1.07,3.57,3.64,0.61,5.28,6.66,Level1
65,0,51.87,16.56,-0.84,8.96,8.66,0.72,6.27,5.96,Level1
138,0,60.53,14.65,1.38,6.42,5.63,0.72,6.33,5.98,Level1
69,0.02,70.09,15.19,0.85,5.66,4.82,0.6,5.25,6.58,Level1
78,0.01,50.45,16,0.42,9.8,8,0.57,5.03,6.7,Level1
102,0.99,69.18,6.12,-3.41,5.49,4.96,0.31,2.78,6.81,Level1
94,0.36,73.36,5.85,-3.97,6.11,4.08,0.42,3.82,6.55,Level1
119,0.94,81.46,5.74,-2.38,5.08,4.64,0.25,2.25,6.79,Level1
113,0.14,68.74,10.45,-2.31,4.89,3.79,0.53,4.84,6.55,Level1
98,0.28,69.28,8.05,-1.61,6.7,4.58,0.37,3.38,6.54,Level1
84,2.93,71.58,11.45,-1.15,6.05,3.95,0.71,6.52,6.5,Level1
54,2.94,80.07,7.69,-2.97,4.89,3.9,0.12,1.14,7.48,Level1
100,5.39,81.7,5.57,-3.09,5.61,4.76,0.11,1.07,6.89,Level1
70,3.9,83.19,3.88,-2.08,4.5,3.83,0.29,2.73,6.68,Level1
62,0.23,72.96,8.16,-2.95,4.13,3.48,0.36,3.36,6.56,Level1
48,0.02,67.81,10.63,-1.09,3.51,3.48,0.64,6.11,6.12,Level1
67,1.74,71.07,11.68,-0.91,3.26,2.79,0.62,5.91,6.64,Level1
56,17.79,84.43,6.38,-1.31,4.19,2.75,0.42,4.03,6.66,Level1
86,0,47.67,14.39,-2.67,5.25,4.47,0.74,7.11,5.71,Level1
86,0.01,51.42,15.95,0.45,4.25,3.96,0.73,7.03,5.95,Level1
55,0.02,68.39,9.06,-2.2,9.23,6.56,0.59,5.75,6.56,Level1
79,0.02,55.2,9.28,-3.78,4.19,3.62,0.75,7.31,5.12,Level1
93,0,62.81,11.93,-3.62,7.4,6.13,0.72,7.1,5.7,Level1
112,0.44,69.94,13.54,1.62,4.01,3.46,0.66,6.49,6.49,Level1
94,0,54.42,17.38,0.01,7.38,6.25,0.66,6.58,6.29,Level1
49,1.54,55.74,19.94,2.5,6,5.87,0.69,6.89,6.68,Level1
50,1.89,68,13.8,1.97,5.84,4.65,0.41,4.13,7.29,Level1
352,10.87,59.97,13.77,1.44,11.6,7.61,0.44,4.39,7.53,Level1
31,0.67,74.99,13.99,0.33,5.29,4.17,0.5,5.03,7.27,Level1
18,2.71,69.36,12.83,1.95,4.81,2.5,0.56,5.66,7,Level1
14,5.56,78.12,6.67,0.39,5.42,4.86,5.1,5.34,7.28,Level1
32,4.26,79.65,6.2,-1.39,4.38,3.74,5.17,5.1,7.3,Level1
15,0.04,74.45,7.23,-1.37,5.37,4.52,5.29,5.11,7.28,Level1
12,0.19,60.62,10.45,-0.95,3.18,2.8,5.59,5.07,7.06,Level1
8,0.21,58.44,11.64,-1.02,2.32,2.04,5.44,5.12,7.17,Level1
15,0,39.8,14.19,-0.8,3.65,3.38,5.41,5.17,7.18,Level1
10,0,33.98,16.79,-1.14,4.63,3.29,5.35,5.42,7.21,Level1
3,0,41.04,18.89,0.52,4.38,4.13,5.53,5.03,7.05,Level1
26,0.01,48.79,20.85,3.07,5,4.14,5.2,5.45,7.24,Level1
2,0,42.53,21.1,4.44,4.11,3.6,5.04,5.28,7.03,Level1
4,0,40.64,22.57,4.26,4.52,3.49,5.03,5.04,7.05,Level1
12,0,40.19,21.51,4.33,1.75,3.44,5.09,5.5,7.07,Level1
3,0,40.26,21.97,4.32,3.76,3.51,5.29,5.12,7.11,Level1
0,0.8,97.5,5.87,1.85,2.37,4.57,0.32,0.87,6.95,Level1
0,0.63,96.05,7.74,3.37,2.87,6.62,0.35,0.95,6.78,Level1
0,1.51,97.22,7,3.88,3.37,7.94,0.24,0.65,7.39,Level1
0,0.49,97.12,6.26,-0.48,1.51,3.56,0.44,1.22,6.71,Level1
0,0.08,96.64,4.72,-1.45,1.77,5.65,0.48,1.33,6.59,Level1
0,0.06,92.29,8.77,-1.47,3.37,7.14,0.6,1.7,5.99,Level1
0,1.82,98.04,6.8,1.68,2.74,5.34,0.24,0.68,7.41,Level1
0,0.79,98.11,10.19,6.28,2.15,4.97,0.28,0.79,7.67,Level1
0,2.59,90.66,11.12,6.21,4.23,10.44,0.27,0.79,7.89,Level1
0,1.74,94.93,6.43,1.79,2.11,7.02,0.26,0.77,7.35,Level1
0,0.06,91.54,5.97,-1,0.83,2.47,0.3,0.88,7.18,Level1
0,0.57,89.71,5.63,-2.04,2.72,5.58,0.54,1.59,6.01,Level1
0,0.29,89.39,10.11,2.55,2.68,7.33,0.57,1.7,6.44,Level1
0,0,84.99,9.46,2.93,6.42,10.71,0.33,0.99,6.95,Level1
0,0.11,89.7,11.34,4.76,4.95,10.71,0.52,1.57,6.63,Level1
0,0.01,90.11,11.86,3.48,4.13,8.8,0.61,1.87,6.28,Level1
0,4.56,94.36,8.42,3,4.49,8.84,0.24,0.75,6.75,Level1
0,0.13,88.83,6.94,0.2,0.89,4.98,0.58,1.82,5.73,Level1
0,0.18,91.03,3.31,-1.11,4.99,9.57,0.48,1.52,5.87,Level1
0,0.12,88.96,2.9,-2.96,4.71,10.03,0.58,1.87,5.4,Level1
0,0.02,86.08,5.32,-3.55,3.38,6.13,0.62,2,5.64,Level1
0,0.02,86.72,6.21,-2.18,3.14,6.42,0.58,1.93,5.98,Level1
0,0.09,94.06,4.46,0.17,2.49,5.87,0.34,1.14,6.57,Level1
0,0.05,97.27,10.46,2.08,0.64,4.93,0.59,2.01,6.27,Level1
3,0.08,91.96,10.55,1.88,1.04,4.15,0.52,1.8,6.5,Level1
0,1.19,97.65,7.74,2.29,2.56,6.24,0.33,1.14,7.18,Level1
0,8.47,94.65,6.22,4.45,5.23,10.58,0.12,0.41,7.38,Level1
0,6.18,92.58,7.22,4.83,8.39,13.83,0.26,0.94,7.13,Level1
1,1.95,95.85,7.62,2.71,3.39,8.2,0.37,1.35,7.08,Level1
1,6.86,96.23,9.52,2.88,4.59,9.5,0.21,0.8,7.51,Level1
1,1.66,95.54,11.6,9.06,4.53,8.1,0.3,1.12,7.47,Level1
0,3.78,94.16,11.73,7.89,5.15,9.93,0.34,1.29,7.56,Level1
0,7.72,94.96,13.32,8.62,6.4,11.62,0.22,0.84,8.42,Level1
0,0.64,89.99,14.63,8.95,6.73,11.2,0.38,1.49,7.75,Level1
0,4.13,91.31,9.19,1.26,3.66,9.71,0.37,1.47,6.81,Level1
0,0.05,91.29,6.27,0.62,1.97,5.03,0.48,1.97,6.22,Level1
0,0,81.46,6.57,-1.7,3.31,7.27,0.61,2.49,5.6,Level1
0,0.01,91.85,11.36,-0.93,2.46,6.42,0.63,2.63,6.11,Level1
5,0.03,90.93,10.81,1.36,2.98,7.37,0.53,2.27,6.88,Level1
0,0.65,90.15,10.6,5.42,5.88,14.15,0.37,1.58,7.35,Level1
0,3.22,89.27,10.86,8.06,9.93,16.64,0.34,1.5,7.62,Level1
0,2.13,90.14,8.08,1.93,4.87,10.58,0.39,1.75,6.87,Level1
0,0.46,92.14,6.48,1.17,2.85,6.56,0.5,2.26,6.27,Level1
0,4.76,92.7,10.73,1.09,5.04,12.95,0.27,1.22,6.88,Level1
0,0.47,88.79,10.05,3.2,1.73,5.52,0.31,1.45,7.04,Level1
0,0,83.29,12.55,0.62,2.95,7.86,0.65,3.04,6.6,Level1
0,0.12,86.1,13.49,7.34,7.2,12.6,0.56,2.65,7.38,Level1
1,7.97,92.9,8.79,3.82,3.86,8.48,0.28,1.34,7.14,Level1
0,0.61,89.04,8.37,2.65,3.69,6.74,0.52,2.56,6.39,Level1
0,1.74,95.48,8.06,4.28,2.75,7.8,0.39,1.94,7.23,Level1
0,0.46,87.83,11.75,2.99,4.06,7.09,0.6,3.02,6.46,Level1
0,0.11,76.04,9.09,1.85,0.12,1.44,0.65,3.33,5.97,Level1
0,0,81.8,11.05,-0.48,1.92,6.49,0.66,3.44,6.28,Level1
0,0.04,88.86,11.26,4.07,4.47,8.23,0.64,3.33,6.8,Level1
0,0.13,92.02,12.63,4.41,3.8,7.18,0.64,3.39,6.67,Level1
0,4.14,92.28,9.55,4.44,7.25,11.03,0.35,1.87,7.51,Level1
2,2.48,88.48,5.26,1.65,4.49,10.45,0.41,2.24,6.56,Level1
3,5.94,95.97,10.75,0.93,1.98,10.87,0.34,1.87,7.02,Level1
21,0.32,93.29,8.48,0.27,1.08,6.91,0.44,2.45,7.17,Level1
19,1.63,88.65,11.37,4.8,6.59,12.23,0.3,1.68,7.34,Level1
43,3.47,92.29,9.2,4.29,6.14,11.72,0.22,1.28,7.21,Level1
30,9.9,91.91,6.84,1.95,5.58,10.61,0.18,1.02,7.08,Level1
48,2.76,93.54,5.9,0.99,1.98,5.12,0.26,1.54,6.43,Level1
34,2.75,91,7.95,0.93,3.05,6.53,0.37,2.21,7.21,Level1
73,16.92,92.32,10.71,3.65,6.73,14.09,0.22,1.35,7.88,Level1
138,3.07,91.16,6.66,2.64,1.45,6.13,0.34,2.06,7.11,Level1
190,0.31,88.83,7.48,2.38,1.56,4.72,0.45,2.82,6.96,Level1
103,2.29,91.66,9.4,3.39,3.3,8.41,0.52,3.29,7.1,Level1
410,2.53,88.83,7.76,4.2,2.7,7.09,0.54,3.44,6.95,Level1
286,6.35,96.7,10.02,4.44,5.38,9.17,0.21,1.38,7.87,Level1
372,0.57,94.86,12.87,7.87,3.58,7.33,0.41,2.67,7.68,Level1
497,0.86,93.92,11.21,4.01,4.02,7.48,0.34,2.22,7.48,Level1
595,0.01,74.97,9.57,1.51,0.28,2.77,0.67,4.52,6.17,Level1
785,0.1,82.64,10.67,0.86,1.06,4.04,0.55,3.76,6.6,Level1
838,0.34,85.23,15.39,0.66,2.59,7.03,0.68,4.65,6.48,Level1
924,3.23,87.6,12.91,5.39,0.95,4.15,0.3,2.07,7.96,Level1
1210,0.05,79.46,15.75,5,0.21,1.69,0.57,4.03,7.58,Level1
1097,0,81.98,17.73,6.06,0.53,2.44,0.68,4.81,6.78,Level1
1404,0.08,76.6,19.13,5.66,0.39,3.43,0.67,4.81,7.08,Level1
1861,0.42,78.04,16.78,8.23,1.23,3.3,0.62,4.53,7.3,Level1
1617,0.15,86.9,15.01,5.43,0.38,4.3,0.56,4.08,7.28,Level1
1847,1.21,90.86,10.83,5.61,2.9,5.91,0.42,3.08,7.29,Level1
1559,0.19,86.54,14.25,2.9,0.22,4.54,0.66,4.94,6.26,Level1
3838,0.02,74.3,11.28,-0.66,2.5,6.02,0.73,5.54,5.3,Level2
2446,0,75.07,11.05,-2.71,1.44,6.16,0.72,5.52,5.45,Level2
2931,0.02,79.53,7.6,-4.09,2.47,5.32,0.7,5.42,5.7,Level2
3922,0,79.76,11.03,-1.9,1.68,4.1,0.69,5.38,6.33,Level2
3809,0,78.27,13.91,2.7,0.82,3.62,0.68,5.39,6.74,Level2
4611,0.88,84.77,5.82,0.29,3.75,9.59,0.15,1.18,7.36,Level2
2599,0.36,76.09,6.5,-2.25,5.36,11.19,0.4,3.22,6.66,Level2
4376,0,72.28,8.88,-4.33,4.09,9.84,0.74,5.99,5.2,Level2
7578,0,73.34,11.25,-3.15,1.55,4.19,0.72,5.91,5.47,Level3
4861,0.05,74.63,11.68,-0.54,0.92,3.59,0.71,5.86,5.69,Level2
2116,0.03,82.98,11.39,-0.83,1.3,3.94,0.57,4.72,6.37,Level2
5233,0,75.55,15.62,-0.08,2.19,5.84,0.72,6.03,5.96,Level3
4267,0,67.63,17.52,2.86,3.76,8.63,0.73,6.13,6.05,Level2
1873,0.55,70.26,15.69,4.52,0.31,6.69,0.52,4.41,7.07,Level2
3912,0.01,74.04,18.69,5.67,1.99,4.95,0.69,5.93,6.87,Level2
3777,0.91,76.19,16.43,5.58,1.82,5.51,0.68,5.91,6.93,Level2
3881,0,68.89,20.41,6.37,2.27,4.87,0.7,6.12,6.79,Level2
4286,0,65.51,21.27,7.75,2.09,4.15,0.7,6.21,6.79,Level2
4342,0.03,63.27,21.42,8.4,0.35,2.71,0.69,6.16,7.05,Level2
3114,0.83,76.06,18.34,7.66,2.2,5.77,0.61,5.44,7.57,Level2
1613,0.19,74.75,18.32,6.9,1.32,6.2,0.65,5.89,7.21,Level2
2673,0.03,69.83,12.36,2.87,4.78,8.9,0.74,6.71,5.88,Level2
5497,0,71.29,20.4,0.85,2.56,6.08,0.72,6.57,6.4,Level3
2633,0.85,74.89,19.54,8.4,0.9,5.66,0.55,5.04,7.73,Level2
2641,8.42,82.76,19.23,8.14,2.39,6.34,0.5,4.63,8.09,Level2
405,2.45,85.15,18.6,10.07,1.08,4.15,0.35,3.26,8.18,Level1
2569,10.39,93.73,15.76,9.95,1.85,5.01,0.2,1.89,8.27,Level2
785,10.09,93.16,15.85,10.81,0.4,1.89,0.34,2.41,7.68,Level1
2051,1.64,89.93,15.88,10.77,1.17,3.63,0.34,2.48,7.98,Level2
2667,2.24,83.34,18.17,9.86,0.47,2.63,0.39,2.46,7.29,Level2
1827,0.79,82.26,19.31,10.55,1.55,3.13,0.31,2.27,7.71,Level1
1653,1.15,80.78,20.55,8.83,0.33,1.91,0.22,1.92,7.38,Level1
1773,4.83,81.95,19.67,11.66,0.14,2.47,0.27,2.44,7.89,Level1
1537,2.65,78.67,18.15,9.69,0.77,2.92,0.39,2.73,8.16,Level1
461,18.82,86.1,17.64,7.71,1.52,4.58,0.4,2.45,7.66,Level1
1195,4.7,85.96,14.36,7.69,4.33,7.96,0.34,2.56,7.98,Level1
1065,8.26,87.58,14.51,7.46,3.53,8.04,0.37,2.4,7.52,Level1
1607,9.47,86.96,12.48,7.9,5.55,10.89,0.29,2.05,7.85,Level1
1139,9,85.14,13.94,7.89,4.62,9.69,0.25,2.48,7.59,Level1
604,8.84,85.01,13.09,7.48,4.17,9.86,0.4,2.65,7.28,Level1
0,0.04,94.52,2.64,-2.53,3.98,4.55,0.47,0.9,5.4,Level1
0,0.04,92.35,1.02,-3.92,6.14,6.8,0.45,0.87,5.54,Level1
0,1.51,97.14,4.19,0.11,8.59,9.95,0.11,0.21,6.89,Level1
0,2.53,97.34,3.17,-0.18,9.49,9.54,0.12,0.23,6.26,Level1
0,0.66,98.59,2.6,-1.52,3.84,4.94,0.33,0.64,6.13,Level1
0,0.12,96.91,3.16,-2.02,5.6,6.13,0.14,0.27,6.52,Level1
0,0.59,98.39,3.78,-2.11,5.74,6.69,0.2,0.4,6.48,Level1
0,4.09,95.79,4.52,1.14,7.31,8.2,0.1,0.2,7.98,Level1
0,9.5,96.52,7.8,3.82,6.77,8.23,0.1,0.21,8.03,Level1
0,2.11,94.87,7.2,2.22,7.26,8.77,0.25,0.53,7.18,Level1
0,0.07,91.75,4.33,-0.59,5.27,6.59,0.42,0.88,5.82,Level1
0,0.24,92.72,2.96,-1.32,8.76,9.5,0.3,0.65,6.25,Level1
0,0.33,95.87,4.76,1.97,6.64,7.24,0.31,0.68,6.49,Level1
0,0.04,87.38,6.81,2.24,9.34,11.35,0.21,0.47,7.06,Level1
0,0.06,86.73,9.3,4.67,8.75,10.65,0.43,0.96,6.92,Level1
0,0.06,99.33,9.64,1.97,5.5,6.07,0.47,1.06,6.11,Level1
0,0.27,94.85,7.11,1.98,5.77,6.97,0.49,1.12,6.38,Level1
0,0.69,94.87,4.3,0.39,6.29,6.95,0.3,0.71,6.31,Level1
0,1.12,96.58,2.87,0.14,3.95,4.89,0.34,0.8,6.4,Level1
0,0.14,89.07,4.09,-2.3,2.5,1.88,0.43,1.04,5.72,Level1
0,0,94.34,3.99,-3.66,3.35,4.56,0.52,1.27,5.32,Level1
0,0.36,97.6,0.82,-2.96,3.8,4.32,0.23,0.56,6.47,Level1
0,0.1,94.45,2.9,-2.83,2.21,2.07,0.32,0.8,6.82,Level1
0,0.05,92.9,1.61,-2.94,4.3,4.66,0.45,1.15,6.13,Level1
0,0.16,93.23,1.06,-2.63,3.17,3.6,0.22,0.58,6.77,Level1
0,0.15,96.74,2.59,-1.41,5.03,5.49,0.28,0.76,6.43,Level1
0,2.38,97.62,4.75,0.96,6.84,8.65,0.18,0.5,6.88,Level1
1,5.06,93.73,4.28,-0.41,11.36,11.91,0.1,0.26,6.8,Level1
3,1.1,92.35,3.81,-0.15,9.38,10.27,0.27,0.75,6.58,Level1
0,0.35,94.79,5.31,-0.21,9.63,10.27,0.28,0.81,7.04,Level1
1,0.87,90.56,10.75,6.18,10.49,11.64,0.38,1.11,7.28,Level1
2,4.2,93.89,10.1,5.36,9.08,11.39,0.12,0.35,7.62,Level1
1,4.2,93.39,9.2,3.48,10.21,10.9,0.15,0.45,7.19,Level1
1,4.5,91.2,8.87,5.3,9.42,10.29,0.24,0.72,7.55,Level1
2,8.11,91.85,4.87,1.27,8.75,9,0.37,1.15,6.75,Level1
0,0.16,86.2,3.49,-2.05,8.61,6.92,0.53,1.69,5.87,Level1
0,0.16,93.21,4.2,-1.16,4.42,5.27,0.16,0.51,7.16,Level1
1,0.05,92.2,5.42,-1.57,4.16,4.31,0.25,0.82,7.19,Level1
1,0.01,92.01,4.69,-2.33,5.98,7.44,0.44,1.47,6.31,Level1
0,3.13,89.78,9.13,0.89,16.67,14.29,0.3,1.03,7.18,Level1
0,13.19,87.04,9.59,2.27,15.8,17.02,0.28,0.99,7.17,Level1
0,1.75,82.23,4.3,1.07,14.2,15.78,0.37,1.33,6.39,Level1
2,0.87,86.09,4.08,0.22,11.23,12.42,0.41,1.49,6.12,Level1
0,3.59,94.25,3.88,-0.98,8.84,8.93,0.09,0.33,6.28,Level1
0,1.53,93.96,6.25,-0.26,6.88,6.59,0.29,1.09,6.82,Level1
0,0,93.19,7.25,-0.53,7.91,8.96,0.49,1.89,6.67,Level1
0,1.17,82.35,11.67,4.69,13.55,15.33,0.26,1.03,7.72,Level1
0,1.97,87.74,10.69,4.11,11.22,11.23,0.29,1.17,7.11,Level1
0,2.18,85.81,6.66,3.24,10.38,11.77,0.43,1.77,6.51,Level1
0,2.98,87.85,4.86,-0.51,9.45,10.5,0.31,1.29,6.67,Level1
0,2.38,95.55,5.38,-1.2,11.21,9.66,0.24,1.03,6.94,Level1
0,1.05,84.78,5.64,1.27,10.79,10.65,0.41,1.75,7.07,Level1
0,0.88,86.35,7.92,1.11,11.77,12.74,0.3,1.32,7.32,Level1
0,10.52,91.52,10.7,2.58,15.73,14.85,0.08,0.34,7.39,Level1
0,5.86,93.8,8.35,0.08,10.4,9.46,0.24,1.1,6.85,Level1
0,1.41,86.56,8.4,2.98,10.14,10.67,0.41,1.87,7.02,Level1
2,4.2,90.47,3.55,0.7,8.05,8.53,0.28,1.29,6.9,Level1
4,2.79,91.96,3.06,-0.51,6.36,6.28,0.29,1.35,6.48,Level1
26,3.19,87.27,4.65,-0.54,7.9,8.48,0.42,2.03,6.86,Level1
10,3.4,90.83,9.99,0.81,11.09,11.52,0.47,2.3,6.9,Level1
54,1.36,86.98,8.04,1.96,10.1,9.86,0.36,1.79,6.81,Level1
18,1.8,83.08,8.62,2.31,7.17,6.7,0.56,2.82,6.78,Level1
28,3.07,87.53,5.66,-1.07,6.9,6.5,0.36,1.86,6.58,Level1
39,0.77,94.34,5.75,-1.59,6.11,6.26,0.31,1.62,6.37,Level1
66,5.03,88.57,6.75,-0.49,6.85,6.98,0.44,2.33,6.84,Level1
138,5.04,94.32,5.52,1.87,6.87,7.02,0.24,1.29,7.43,Level1
284,1.75,87.95,6.09,-0.31,6.99,7.63,0.28,1.51,6.99,Level1
163,0.33,89.64,7.78,-0.68,8.01,8.64,0.38,2.11,6.97,Level1
55,1.01,89.22,8.62,1.58,5.66,6.53,0.4,2.23,6.92,Level1
237,8.43,96.6,9.99,2.05,10.97,10.85,0.2,1.15,7.3,Level1
157,7.22,91.49,12.22,7.85,9.41,9.91,0.34,1.97,7.78,Level1
271,1.38,83.68,9.59,3.03,12.14,11.97,0.43,2.55,6.97,Level1
802,1.63,86.75,7.41,1.72,12.14,10.8,0.39,2.34,6.47,Level1
693,0.08,81.27,8.11,-1.25,3.95,3.96,0.59,3.59,5.56,Level1
733,0,78.36,10.4,-0.84,8.19,8.55,0.57,3.51,6.15,Level1
1043,0,81.59,14.94,0.87,4.37,4.49,0.6,3.77,6.55,Level1
1174,0.26,83.01,13.11,5.75,4.4,4.01,0.55,3.46,6.94,Level1
1144,0,85.18,14.81,2.88,5.74,6.13,0.61,3.92,6.54,Level1
1042,0.05,83.14,15.17,6.03,3.12,3.8,0.5,3.25,7.29,Level1
5940,0.69,89.67,9.55,3.29,5.57,5.83,0.13,0.85,7.97,Level3
4049,0.22,79.3,5.59,-2.44,9.23,9.26,0.32,2.14,6.33,Level2
3276,0,72.28,4.46,-4.73,8.24,8.34,0.66,4.44,4.89,Level2
3311,0,63.71,5.02,-5.21,6.43,6.93,0.67,4.57,4.83,Level2
4438,0,63.42,6.19,-4.66,5.71,6.67,0.67,4.64,4.9,Level2
2342,0,63.73,7.07,-4.26,7.49,7.94,0.67,4.71,4.99,Level2
4954,0,75.12,7.72,-3.81,7.54,7.91,0.65,4.58,5.6,Level2
5780,0,78.64,14.09,-1.44,7.16,7.95,0.64,4.55,6.21,Level3
6294,0.01,77.41,12.21,0.41,5.02,6.11,0.66,4.77,6.06,Level3
3965,1.42,86.16,4.91,-4.46,9.78,8.17,0.19,1.37,6.56,Level2
4751,1.04,77.48,3.53,-6.17,4.9,4.67,0.46,3.4,5.94,Level2
4615,0.24,73.44,4.51,-3.87,4.44,4.37,0.58,4.31,5.8,Level2
5453,0,64.93,7.93,-4.6,2.81,3.25,0.65,4.89,5.37,Level3
6156,0.08,73.42,9.55,-0.68,6.06,4.66,0.51,3.91,6.07,Level3
6174,1.93,83.51,8.89,0.64,5.07,5.54,0.35,2.72,7.08,Level3
6082,0.01,72.43,11.7,-1.3,3.69,3.64,0.52,4.04,6.28,Level3
5936,0,71.95,14.79,-0.34,6.1,7.41,0.65,5.13,5.94,Level3
3677,0,71.5,18.59,0.67,4.29,6.18,0.66,5.22,6.15,Level2
3834,0.03,83.12,17.63,3.99,3.75,5.01,0.57,4.58,6.86,Level2
4003,0.03,60.38,20.2,5.5,3.56,3.2,0.65,5.25,6.58,Level2
4974,0,68.95,17.96,6.6,4.08,3.94,0.59,4.87,6.82,Level2
5323,0.04,74.26,15.64,3.78,4.12,4.12,0.58,4.85,6.37,Level3
4133,0,66.05,16.32,0.47,3.2,4.06,0.64,5.38,6.34,Level2
2821,0.04,69.4,20.1,3.76,4.3,5.48,0.61,5.19,6.85,Level2
2537,0.52,72.26,8.53,-0.46,7.77,8.08,0.46,3.95,6.58,Level2
2082,0.09,71.5,8.54,-1.59,4.92,5.53,0.53,4.6,6.2,Level2
2486,0,70.29,13.86,-1.1,4.29,3.33,0.59,5.11,6.66,Level2
2866,0,66.47,19.08,2.27,3.27,4,0.61,5.32,6.73,Level2
3380,0.01,74.64,18.29,4.12,3.11,3.98,0.64,5.66,6.76,Level2
3609,0.32,72.8,18.03,5.24,4.07,3.87,0.65,5.79,6.63,Level2
2458,1.29,66.54,13.83,2.85,6.64,7.08,0.66,5.92,6.49,Level2
1775,0,61.02,13.51,0.43,9.38,9.9,0.6,5.92,6.52,Level2
1785,0,62.96,14.89,1.18,9.62,10.28,0.65,5.97,6.57,Level2
2237,0,63.5,16.43,2.01,8.26,8.79,0.63,5.79,6.43,Level2
2352,0,61.27,18.58,2.94,4.9,4.62,0.6,5.86,6.5,Level2
2337,0,67.66,18.38,5.31,5.94,6.48,0.61,5.82,6.51,Level2
2055,0.11,74.49,13.82,3.54,4.89,4.76,0.62,5.8,6.45,Level2
1737,0,61.64,16.89,3.53,1.6,1.6,0.65,5.91,6.44,Level2
1018,0,63.44,19.18,3.94,4.98,4.55,0.65,5.86,6.46,Level2
1144,4.05,77.26,16.37,6.35,4.21,4.74,0.66,5.94,6.6,Level2
1304,2,82.09,16.04,8.23,6.24,6.28,0.64,5.87,6.51,Level2
1478,3.46,80.89,14.58,7.37,7.93,8.38,0.6,5.96,6.5,Level2
0,2.9,77.4,14.74,7.97,6.52,7.4,0.6,5.99,6.53,Level1
2584,3.18,78.53,14.64,7.56,7.36,7.89,0.64,5.97,6.49,Level2
0,0,53.45,13.88,1.7,5.28,4.79,0.66,3.41,5.92,Level1
0,0,41.86,13.18,-0.59,4.69,4.26,0.67,3.46,5.77,Level1
0,0.21,48.83,14.48,0.92,5.31,4.1,0.65,3.35,6.45,Level1
0,4.28,70.01,14.12,2.41,4.05,3.11,0.15,0.8,7.29,Level1
0,0.18,52.39,12.42,1.17,7.54,6.17,0.71,3.7,5.67,Level1
0,0,45.86,10.31,-1.97,3.99,3.67,0.71,3.69,5.45,Level1
0,0,40.41,11.75,-0.24,2.84,2.05,0.71,3.74,5.4,Level1
0,0,37.87,14.24,-1.71,5.88,5.13,0.72,3.79,5.41,Level1
0,0.14,51.88,14.48,0.59,9.54,7.91,0.53,2.81,6.33,Level1
0,0.61,69.02,10.24,-1.7,5.24,4.25,0.42,2.22,6.49,Level1
0,9.85,84.73,0.7,-3.25,6.05,5.12,0.15,0.81,6.48,Level1
0,2.13,68.64,4.04,-6.26,4.65,4.3,0.59,3.15,5.36,Level1
0,0.02,54.3,7.9,-4.34,5.27,5.08,0.59,3.18,5.94,Level1
0,2.78,75.66,2.2,-3.97,6.56,5,0.3,1.64,6.68,Level1
0,0.25,64.86,7.09,-5.25,3.66,2.91,0.66,3.63,5.6,Level1
0,0,54.82,8.02,-2.83,4.15,4.09,0.65,3.56,6.02,Level1
0,0,56.98,9.7,-1.3,3.8,1.86,0.65,3.61,6.11,Level1
0,0.01,64.38,11.55,1.32,6.23,7.31,0.39,2.19,6.66,Level1
0,0.06,67.51,13.49,0.75,6.79,5.06,0.63,3.54,6.2,Level1
0,0.17,73.97,7.31,-1.74,3.79,3.48,0.61,3.41,5.92,Level1
0,0,60.15,9.47,-1.52,4.28,3.07,0.63,3.55,5.8,Level1
0,1.04,65.48,10.4,-2.22,4.12,3.26,0.62,3.55,6.27,Level1
0,0.93,57.76,11.48,-1.51,11.72,9.1,0.57,3.25,6.04,Level1
0,0,43.44,11.21,-3.38,5.8,6,0.73,4.24,5.18,Level1
0,0.03,45.76,9.66,-3.37,4.79,5.59,0.73,4.26,5.28,Level1
0,0.3,52.83,8.53,-2.69,3.16,2.43,0.72,4.21,5.43,Level1
0,0,44.46,10.24,-3.3,3.83,3.77,0.73,4.33,5.31,Level1
0,0,40.78,10.56,-2.43,2.73,2.17,0.74,4.39,5.32,Level1
0,0,39.41,13.27,-1.69,4.65,4.56,0.62,3.72,6.24,Level1
0,0,47.8,10.6,-0.63,6.33,6.38,0.67,4.02,5.99,Level1
0,0,38.16,15.42,-1.42,6.32,6.94,0.75,4.57,5.35,Level1
0,0,39.57,16.42,-1.14,13.29,11.24,0.71,4.37,5.55,Level1
0,0.06,51.02,9.5,-0.02,7.93,5.87,0.63,3.91,5.62,Level1
0,0,39.79,9.69,-3.59,5.12,4.65,0.72,4.49,5.15,Level1
0,0,28.76,17.06,-1.31,8.38,9.66,0.72,4.52,5.47,Level1
0,0,36.45,15.48,-0.88,6.29,6.26,0.71,4.52,5.77,Level1
0,0,32.72,18.04,0.77,5.49,5.63,0.72,4.62,5.82,Level1
0,0,43.55,18.6,1.73,6.46,7.66,0.72,4.61,6.08,Level1
0,0.02,52.81,19.97,5.76,13.59,13.31,0.67,4.34,6.46,Level1
0,0.06,39.9,17.35,3.5,16.28,13.98,0.71,4.67,5.85,Level1
0,0,38,13.66,0.24,10.62,8.9,0.73,4.82,5.35,Level1
0,0,36.31,10.04,-4.63,12.96,10.59,0.72,4.79,4.91,Level1
0,0,28.84,6.3,-5.95,7.52,6.8,0.72,4.84,4.81,Level1
0,0,25.08,13.6,-3.52,5.41,5.65,0.73,4.92,5.45,Level1
0,0,34.27,17.76,0.19,7.39,7.6,0.71,4.81,5.95,Level1
0,0,47.57,9.3,-3.24,4.01,4.47,0.62,4.22,5.77,Level1
0,0,27.71,18.12,-0.44,3.81,3.32,0.71,4.89,6.11,Level1
0,0,41.68,20.12,1.16,5.27,3.43,0.67,4.67,6.84,Level1
0,0.01,52.01,15.35,1.91,4.32,3.36,0.68,4.79,6.79,Level1
0,0.02,51.52,18.86,4.94,3.19,2.7,0.47,3.31,7.35,Level1
2,0.55,57.75,18.12,6.88,13.96,9.61,0.32,2.26,7.8,Level1
3,0.01,40.96,18.8,2.74,4.59,4.41,0.73,5.27,6.04,Level1
13,0,32.59,20.1,3.08,6.95,6.52,0.73,5.31,6.09,Level1
10,0,38.15,18.88,2.88,5.74,5.44,0.73,5.3,6.16,Level1
15,0.01,43.53,21.81,4.81,4.75,4.38,0.44,3.27,7.55,Level1
18,0.07,45.11,22.95,9.83,12.74,10.85,0.58,4.31,8.04,Level1
34,3.02,47.2,18.96,6.31,14.23,11.15,0.57,4.24,7.51,Level1
44,0.02,50.89,15.63,3,4.81,3.76,0.72,5.44,5.99,Level1
106,0,29.59,20.51,1.94,2.89,2.51,0.75,5.7,5.95,Level1
143,0,25.8,21.99,3.6,3.4,3.14,0.75,5.74,6.04,Level1
205,0,30.19,22.27,4.64,5.51,6.76,0.71,5.47,6.5,Level1
385,0,31.83,19.82,4.31,11.21,9.73,0.73,5.69,5.92,Level1
523,0,42.22,14.01,0.74,7.16,5.87,0.7,5.51,6.04,Level1
835,0,46.64,12.52,-0.9,5.65,4.26,0.71,5.6,5.71,Level1
586,0,30.94,17.67,1.81,2.63,2.5,0.72,5.79,5.77,Level1
591,0,22.63,20.99,3.62,3.5,3.53,0.73,5.85,5.96,Level1
1234,0,20.54,21.2,5.43,6.01,4.64,0.65,5.26,6.42,Level1
1076,0,24.44,17.51,5.03,9.77,6.11,0.62,5.08,6.61,Level1
743,0,21.71,12.35,-1.16,8.66,6.71,0.74,6.07,5.14,Level1
595,0,13.54,17.27,-1.41,4.61,4.02,0.74,6.18,5.17,Level1
881,0,11.38,19.7,1.35,3.35,2.91,0.73,6.12,5.53,Level1
958,0,16.51,22.12,3.53,4.3,3.86,0.72,6.07,6.11,Level1
1075,0,18.5,23.3,9.09,4.09,3.28,0.63,5.37,7.04,Level1
1289,0.04,21.61,24.63,9.56,9.96,9.18,0.67,5.74,7.52,Level1
1365,0.17,47.28,21.1,7.98,8.14,6.76,0.39,3.34,7.73,Level1
1209,0.07,43.76,20.82,7.64,5.96,5.02,0.61,5.26,7.39,Level1
1053,0,40.19,21.87,8.77,4.15,4.28,0.55,4.8,7.62,Level1
1178,2.29,41.26,22.68,8.91,7.12,6.15,0.39,3.45,7.81,Level1
1192,0.25,41.11,22.53,8.1,6.93,7,0.68,6.01,7.2,Level1
1046,0,24.83,21.79,5.38,5.79,6.82,0.74,6.55,6,Level1
1237,0.21,29.14,22.16,6.7,5.96,6.25,0.62,5.51,7.02,Level1
966,1.59,51.71,19.87,5.52,9.47,6.93,0.32,2.89,7.32,Level1
1028,0.71,58.89,9.94,1.58,8.66,8.63,0.54,4.87,6.23,Level1
1411,0.52,61.41,13.15,1.32,4.85,3.8,0.23,2.07,7.09,Level1
1762,0,56.93,14.4,1.94,4.11,3.16,0.49,4.48,6.83,Level1
2206,0.1,49.7,15.09,3.16,4,3.1,0.7,6.44,6.41,Level2
2389,0.68,48.69,16.68,4.78,3.21,2.31,0.57,5.25,7.09,Level2
2926,2.36,59.27,18.35,6.03,3.75,3.17,0.32,2.98,7.69,Level2
3076,6.63,59.58,19.91,6.99,7.89,5.74,0.4,3.76,7.78,Level2
2901,0.3,41.79,21.03,7.11,9.34,7.35,0.72,6.81,6.56,Level2
3186,0,45.45,18.34,4.68,11.56,10.04,0.72,6.79,6.2,Level2
3111,2.59,51.98,21.28,3.97,4.81,4.16,0.67,6.39,6.97,Level2
2987,0.46,49.22,23.84,8.35,9.44,9.2,0.67,6.37,7.21,Level2
2875,0.38,39.34,24.19,9.29,11.65,8.99,0.68,6.52,6.99,Level2
0,0,37.13,23.35,5.69,6.48,7.1,0.63,6.11,6.85,Level1
5275,0,39.17,22.04,7.46,7.9,5.9,0.71,6.86,6.45,Level3
2483,0,38.37,23.62,6.85,3.94,3.97,0.51,5.01,7.05,Level2
2274,14.53,53.57,21.6,10.67,6.91,4.56,0.58,5.65,7.82,Level2
2089,21.03,84.7,13.26,1.86,5.86,4.2,0.51,5.02,7.59,Level2
1997,0.52,68.04,20.35,0.75,4.73,2.64,0.55,5.43,7.58,Level1
1634,8.79,56.24,26.64,8.61,13.44,11.6,0.35,3.49,8.38,Level1
1972,0.28,53.28,24.62,11.65,15.51,13.7,0.22,2.16,8.1,Level1
1837,0.33,47.75,24.21,10.48,12.82,8.87,0.57,5.71,7.47,Level1
1657,0.01,43.87,21.43,7.43,4.95,5.1,0.7,7.02,6.67,Level1
1617,0.34,64.85,16.47,4.4,4.61,4.59,0.63,6.39,6.79,Level1
1574,0,53.38,20.99,5.26,5.43,3.96,0.67,6.79,6.9,Level1
1512,0.83,57.7,18.84,7.3,3.01,2.51,0.64,6.51,7.21,Level1
1606,9.43,61.58,19.38,7.37,4.46,3.91,0.5,5.13,7.53,Level1
1499,4.34,65.28,20.76,8.29,3.51,2.84,0.53,6.95,7.74,Level1
1374,5.16,66.78,20.64,8.94,3.46,3,0.56,5.77,7.93,Level1
1343,1.74,61.87,22.9,12.05,2.95,2.39,0.53,6.73,3.62,Level1
1294,4.8,63.04,24.1,13.6,3.65,2.6,0.54,5.94,6.96,Level1
1297,52.31,83.69,15.51,12.11,7.6,4.4,0.53,6.11,6.86,Level1
1194,0.04,56.91,25.36,8.99,5.2,4.12,0.56,6.89,2.64,Level1
1030,0,47.8,27.32,10.98,6.22,7.17,0.56,6.2,6.16,Level1
1168,0,40.26,28.44,10.98,7.47,8.02,0.54,6.2,1.63,Level1
1134,3.23,44.88,29.89,12.9,12.41,11.92,0.56,6.62,5.62,Level1
1153,0,42.87,24.87,12.11,9.49,8.92,0.54,6.82,4.3,Level1
991,0,41.73,25.61,7.91,9.82,7.18,0.55,5.88,1.46,Level1
1112,15.19,61.42,21.1,9.09,6,4.05,0.54,6.06,5.88,Level1
1073,23.27,77.81,17.61,10.82,4.92,4.39,0.55,6.42,5.9,Level1
983,17.25,66.89,18.39,10.31,5.76,4.2,0.54,6.24,3.98,Level1
1006,21.57,64.34,20.35,10.14,5.01,4.45,0.54,5.82,4.54,Level1
0,0,56.01,12.7,4.62,2.82,2.13,0.61,2.17,6.52,Level1
0,0,64.59,12.7,3.9,2.96,2.39,0.61,2.18,6.35,Level1
0,0,67.39,12.17,5.95,2.96,2.52,0.6,2.16,6.77,Level1
0,0.02,85.7,12.88,5.27,3.7,3.35,0.42,1.52,7.49,Level1
0,0,70.64,12.49,2.31,6.82,6.59,0.62,2.25,6.25,Level1
0,0,56.71,9.43,1.27,4.52,4.59,0.63,2.28,6.11,Level1
0,0,57.25,10.16,3.19,2.63,1.76,0.5,1.85,6.63,Level1
0,0,67.19,12.67,3.41,3.34,3.02,0.61,2.24,6.68,Level1
0,0,65.72,12.06,4.96,2.41,1.78,0.62,2.3,6.26,Level1
0,0.01,73.48,12.64,5.55,2.24,1.59,0.48,1.81,6.92,Level1
0,0,70.73,12.42,3.62,3.38,2.86,0.61,2.3,6.55,Level1
0,0,75.14,12.9,4.19,3.41,3.17,0.61,2.33,6.41,Level1
0,0,73.19,12.12,3.8,3.18,2.48,0.57,2.2,6.79,Level1
0,0,71.69,12.19,5.7,2.2,1.8,0.48,1.86,7.02,Level1
0,0,68.71,12.58,4.82,2.22,2.15,0.62,2.41,6.43,Level1
0,0,73.66,11.92,4.92,2.82,3.06,0.58,2.28,6.65,Level1
0,0.01,78.28,11.99,5,4.29,2.81,0.61,2.44,6.78,Level1
0,4.38,87.95,10.83,6.13,3.48,3.74,0.39,1.57,7.69,Level1
0,0.17,81.19,11.84,2.88,5.58,4.87,0.61,2.48,6.9,Level1
0,0.12,75.82,10.19,5.39,7.23,7.91,0.21,0.87,7.57,Level1
0,0,73.97,13.89,4.57,4.79,5.21,0.61,2.52,7.17,Level1
0,0.06,79.29,13.72,6.1,3.26,2.56,0.61,2.56,6.82,Level1
0,0.03,81.13,14.04,6.19,2.61,1.97,0.61,2.6,6.75,Level1
0,0.95,90.58,12.1,4.99,5.04,5.27,0.21,0.91,8.03,Level1
0,3.47,92.05,12.98,7.58,4.71,4.98,0.48,2.09,7.82,Level1
0,0.59,88.46,12.4,6.21,3.23,3.58,0.49,2.14,7.19,Level1
0,0.15,89.48,12.81,4.54,3.44,3.17,0.6,2.63,7.21,Level1
0,0.3,90.86,12.69,8.55,7.88,7.99,0.14,0.63,7.92,Level1
0,0.03,86.35,12.91,7.77,6.57,6.75,0.5,2.28,7.28,Level1
0,0,81.56,14.74,5.13,3.65,2.96,0.63,2.9,6.92,Level1
3,0.16,89.57,12.98,8.59,3.89,3.55,0.26,1.21,8.48,Level1
0,0.41,93.9,13.61,8.96,3.73,3.23,0.27,1.27,8.46,Level1
0,0.1,91.17,15.22,10.18,3.25,2.98,0.36,1.72,8.34,Level1
0,0.03,90.66,16.63,9.89,2.24,1.85,0.49,2.35,7.77,Level1
0,0.19,90.35,15.47,6.88,9.54,7.62,0.49,2.4,7.55,Level1
0,0.05,63.04,10.93,2.94,11.91,11.72,0.64,3.12,6.13,Level1
0,0,52.86,9.4,2.06,10.34,8.61,0.65,3.23,5.82,Level1
0,0,49.02,12.33,3.25,2.67,2.21,0.65,3.26,6.16,Level1
0,0,52.06,13.07,4.33,2.16,2.06,0.64,3.27,6.28,Level1
0,0.48,79.4,12.97,5.01,4.1,4.05,0.52,2.68,7.52,Level1
0,1.7,93.38,13.1,8.7,7.84,6.59,0.24,1.26,8.05,Level1
0,0.1,93.85,15.35,9.91,7.24,6.66,0.57,2.98,7.48,Level1
0,0.05,85.75,15.23,8.57,5.01,3.78,0.63,3.35,7,Level1
0,0.12,84.35,13.42,6.01,5.27,4.58,0.52,2.79,7.63,Level1
0,2.77,77.91,15.7,7.04,5.98,6.32,0.63,3.44,7.07,Level1
0,0.44,64.4,15.39,4.54,3.51,3.14,0.66,3.65,6.31,Level1
0,0.05,69.95,15.5,6.12,2.95,2.25,0.66,3.65,6.53,Level1
0,0,73.05,14.45,6.64,3.05,1.89,0.64,3.58,6.98,Level1
0,0.07,81.6,14.65,6.93,2.87,1.53,0.33,1.89,7.8,Level1
0,2.34,89.88,12.42,6.54,4.97,3.69,0.48,2.76,7.35,Level1
0,0.37,66.67,14.47,4.2,4.4,3.35,0.67,3.87,6.5,Level1
0,0,66.95,14.36,5.24,3.37,2.92,0.65,3.79,6.74,Level1
14,0.01,70.8,14.99,4.99,3.83,3.6,0.65,3.88,6.85,Level1
62,0.19,81.29,15.24,7.35,4.04,2.88,0.64,3.82,7.53,Level1
53,0.44,83.97,16.3,8.59,3.1,2.35,0.5,3.06,8.13,Level1
97,0.43,87.71,14.87,9.49,5.8,5.06,0.59,3.64,7.44,Level1
93,2.05,77.68,14.26,7.11,11.39,9.67,0.52,3.2,7.27,Level1
78,2.93,68.08,12.02,2.17,8.34,7.02,0.68,4.27,6.85,Level1
250,1.77,67.26,15.15,5.49,8.59,7.79,0.69,4.38,6.74,Level1
238,0.02,75.8,13.67,4.32,6.97,6.76,0.65,4.16,7.12,Level1
240,5.18,94.1,13.64,9.8,8.09,8.22,0.22,1.4,8.16,Level1
561,20.56,91.67,13.54,9.06,11.48,10.02,0.26,1.7,7.73,Level1
347,1.66,75.69,11.21,7.52,9.22,8.44,0.46,3.05,7.6,Level1
466,0.29,75.01,13.15,4.76,5.84,4.38,0.65,4.35,6.74,Level1
587,2.28,72.86,13.74,3.45,8.24,4.86,0.61,4.17,7.34,Level1
769,8.15,83.07,13.15,7.31,9,7.88,0.52,3.57,7.65,Level1
778,2.5,75.3,12.69,7.37,3.21,2.9,0.57,3.93,6.95,Level1
1247,0.35,66.18,14.19,4.77,4.83,4.98,0.63,4.46,6.65,Level1
1492,1.5,65.7,11.87,4.52,3.09,2.33,0.59,4.17,7.07,Level1
1797,0.01,67.64,14.64,4.14,3.77,4.09,0.63,4.51,7.07,Level1
977,0.09,65.63,16.79,7.29,3.84,2.79,0.65,4.72,6.97,Level1
2313,0.02,77.95,16.25,8.4,3.38,2.27,0.63,4.64,7.54,Level2
2651,0.02,81.28,16.12,9.76,3.13,1.54,0.45,3.36,8.33,Level2
2547,0.13,88.19,14.21,9.95,2.52,1.72,0.32,2.35,8.42,Level2
3497,0.05,71.97,16.78,7.51,5.41,3.72,0.64,4.81,7.26,Level2
2823,0,60.28,16.76,6.27,3.07,2.86,0.67,5.14,6.48,Level2
4000,0.01,66.35,16.96,8.32,3.42,2.83,0.42,3.2,7.31,Level2
3526,0.11,67.22,17.63,7.96,2.78,2.18,0.66,5.16,6.84,Level2
4207,0.15,63.83,18,9.17,3.61,2.92,0.67,5.26,6.58,Level2
5322,0,66.38,17.61,9.73,3.66,1.89,0.67,5.27,6.68,Level3
5986,0,64.03,16.85,8.57,3.12,1.85,0.47,3.74,7.34,Level3
6557,1.21,70.64,16.32,9.22,2.87,2.18,0.57,4.62,7.63,Level3
5560,0.5,59.96,10.84,1.04,9.64,8.52,0.59,4.77,6.83,Level3
4789,1.69,62.48,7.86,0.42,6.32,7.09,0.66,5.37,6.09,Level2
5249,5.41,65.63,10.58,0.73,4.89,4.85,0.59,4.85,6.84,Level3
5210,13.63,83.58,12.35,4.08,8.45,8.56,0.15,1.25,8.19,Level3
6153,2.81,81.47,12.84,7.36,5.02,4,0.42,3.52,7.92,Level3
5959,1.3,75.55,14.42,5.99,3.18,2.89,0.46,3.84,7.83,Level3
5974,0.77,77.7,15.19,8.78,3.36,1.58,0.61,5.21,7.7,Level3
5217,1.68,78.16,14.7,8.88,2.62,1.67,0.52,4.44,7.32,Level3
4050,4.3,79.41,14.36,5.37,5.57,3.39,0.6,5.17,7.37,Level2
4053,0.02,56.41,11.24,1.61,7.61,6.71,0.67,5.8,6.02,Level2
4782,0,60.75,12.46,2.25,3.19,2.86,0.57,4.96,6.99,Level2
4668,0,64.97,15.81,4.27,3.21,2.39,0.65,5.74,6.76,Level2
4585,0,59.66,16.93,4.67,4.61,5.19,0.66,5.86,6.53,Level2
4805,0,61.92,18.35,5.78,4.8,4.72,0.63,5.65,6.99,Level2
4316,0.04,61.16,18.91,8.89,3.06,2.55,0.64,5.76,7.18,Level2
3599,0,57.65,18.99,7.75,3.11,2.73,0.67,6.04,6.86,Level2
3039,0.02,60.91,18.6,8.64,4.03,2.79,0.65,5.97,6.86,Level2
3836,0,66.82,18.43,8.8,3.33,2.4,0.66,6.06,6.83,Level2
4204,0,59.96,20.03,9.53,3.89,2.45,0.68,6.32,6.61,Level2
3951,0.01,57.44,20.87,11.28,3.19,1.99,0.66,6.18,6.91,Level2
4694,0.02,59.76,20.1,11.2,3.76,2.93,0.65,6.09,7,Level2
4092,0.01,72.72,18.42,9.92,5.65,4.92,0.53,5.05,7.68,Level2
3153,19.07,79.52,16.34,8.47,6.26,4.65,0.3,2.85,8.2,Level2
2972,0,56.42,17.08,4.81,5.42,3.8,0.67,6.43,6.46,Level2
2667,0,58.77,17.46,8.27,3.77,2.48,0.63,6.06,7.03,Level2
3786,0.14,72.43,18.94,9.91,3.75,2,0.51,4.9,7.94,Level2
3493,0.05,79.94,18.94,10.92,3.21,1.8,0.46,4.46,8.29,Level2
3491,1.53,76.98,19.6,12.72,3.57,2.45,0.41,4.02,8.64,Level2
3047,22.23,88.94,17,12.94,5.57,5.68,0.44,4.39,8.26,Level2
2256,2.22,74.83,19.88,12.54,6.46,6.71,0.41,4.39,8.43,Level2
2729,10.42,84.73,17,12.48,6.18,5.36,0.49,4.06,8.61,Level2
3370,1.26,72.65,19.38,11.2,3.98,3.12,0.41,4.12,8.19,Level2
2646,0.01,72.47,19.42,10.73,4.97,2.6,0.42,4.38,8.08,Level2
3021,0,72.63,19.12,10.44,4.68,2.25,0.4,4.39,8.46,Level2
2357,0,68.21,19.42,10.5,3.63,2.08,0.4,4.22,8.02,Level2
2324,0.02,70.9,20.34,10.44,3.69,2.37,0.46,4.31,8.63,Level2
1739,2.4,87.22,18.19,11.1,6.61,5.54,0.43,4.31,8.48,Level1
2091,1.45,82.99,17.84,11.98,6.87,5.5,0.5,4,8.9,Level2
2086,0.06,76.23,19.32,10.4,5.49,3.38,0.46,4.35,8.38,Level2
1872,1.95,76.59,18.06,10.77,5.39,3.41,0.41,4.19,8.48,Level1
1965,1.78,74.84,18.98,10.36,5.21,4.32,0.43,4.21,8.18,Level1
0,0.01,72.97,14.05,12.84,4.01,2.76,0.37,1.36,8.15,Level1
0,0.01,70.94,14.8,13.77,3.75,3.6,0.46,1.7,8.23,Level1
0,0.01,74.23,14.55,13.68,5.2,4.44,0.31,1.15,8.4,Level1
0,0.01,75.85,14.52,13.8,8.12,7.78,0.62,2.33,6.98,Level1
0,0,71.46,14.04,13.36,10.2,8.87,0.64,2.41,7.01,Level1
0,0.06,70.96,14.3,13.5,3.4,2.43,0.35,1.33,8,Level1
0,0.04,72.27,14.65,13.56,5.21,3.76,0.59,2.28,7.24,Level1
0,0.01,77.7,14.97,13.91,7.48,6.26,0.58,2.25,7.29,Level1
0,0.02,75.43,14.62,13.55,4.78,3.94,0.61,2.37,6.88,Level1
0,5.19,79.2,13.91,13.02,12.2,8.82,0.31,1.22,7.73,Level1
0,0.08,76.91,13.25,12.12,11.71,10.58,0.53,2.09,7.26,Level1
0,0.01,75.75,13.68,12.32,7.15,5.87,0.63,2.52,6.84,Level1
0,0,72.16,13.73,12.6,7.72,5.68,0.63,2.52,6.73,Level1
0,0,74.33,14.68,13.41,8.22,8.35,0.61,2.47,7.06,Level1
0,0.01,74.02,14.56,13.17,6.72,5.69,0.51,2.09,7.42,Level1
0,0,78.15,14.63,13.52,6.2,4.23,0.62,2.55,7,Level1
0,0.01,79.99,15.65,13.15,9.38,8.3,0.62,2.56,7.11,Level1
0,0,72.21,14.31,12.57,5.98,3.99,0.59,2.48,7.27,Level1
0,20.24,83.8,13.71,12.13,17.69,12.57,0.11,0.48,8.26,Level1
0,20.57,85.51,14.92,12.34,17.33,16.25,0.1,0.42,8.28,Level1
0,22.9,83.82,15.51,14.94,16.78,17.46,0.08,0.36,8.15,Level1
0,1.92,89.19,15.25,14.38,10.54,10.93,0.35,1.54,8.31,Level1
0,4.06,83.3,15.06,13.77,7.72,4.66,0.61,2.68,7.41,Level1
0,4.01,86.69,14.65,13.52,3.59,2.99,0.62,2.74,7.04,Level1
0,1.32,85.98,14.73,13.08,6.38,5.71,0.49,2.21,7.84,Level1
0,0.24,87.57,14.55,13.14,4.55,3.42,0.54,2.44,7.65,Level1
0,0,76.77,14.99,13.08,9.58,8.04,0.57,2.62,7.24,Level1
0,0,86.17,15.87,14.11,8.84,7.8,0.56,2.6,7.3,Level1
0,0.04,89.07,14.89,14.18,5.33,4.11,0.59,2.78,7.43,Level1
0,0.02,93.12,15.69,14.21,5.2,5.35,0.49,2.35,7.87,Level1
0,0.02,89.46,15.46,14.17,3.86,2.49,0.53,2.53,7.81,Level1
1,0,87.48,15.57,14.15,4.73,3.99,0.44,2.14,7.72,Level1
0,0,84.5,16.14,14.77,6.02,6.53,0.6,2.96,7.52,Level1
0,0,87.97,16.7,14.59,6.75,5.94,0.57,2.85,7.4,Level1
0,0.02,83.31,15.91,12.64,15.5,10.13,0.55,2.77,7.61,Level1
0,0,68.05,13.94,11.49,14.22,13.14,0.65,3.32,6.48,Level1
0,0,63.71,13.82,12.56,8.23,4.92,0.65,3.34,6.4,Level1
0,0,65.6,14.11,12.66,5.59,4.77,0.55,2.83,7.26,Level1
0,0.05,69.52,14.53,13.45,3.99,2.28,0.54,2.82,7.72,Level1
0,0.04,78.29,14.94,13.26,7.23,4.28,0.63,3.32,7.12,Level1
1,0.01,88.39,15.96,14.07,8.67,8.8,0.63,3.4,7.35,Level1
0,0.14,90.27,15.84,14.46,5.75,3.29,0.59,3.21,7.81,Level1
0,1.95,73.51,14.36,13.93,6.46,4.7,0.31,1.69,8.45,Level1
0,0.11,82,15.38,14.2,5.77,4.63,0.62,3.41,7.69,Level1
0,0.17,78.36,14.45,13.66,7.23,4.73,0.5,2.79,7.76,Level1
0,0.01,82.15,15.06,13.5,4.85,3.92,0.55,3.12,7.96,Level1
0,0.05,88.67,14.58,13.38,7.07,6.19,0.22,1.27,8.79,Level1
0,0.09,89.81,15.17,13.47,10.53,7.01,0.31,1.77,8.73,Level1
0,0,73.07,13.63,12.34,11.91,9.05,0.36,2.12,7.91,Level1
0,0,68.75,13.65,12.39,6.25,4.95,0.61,3.61,7.11,Level1
0,0,71.32,14.22,12.69,3.51,2.26,0.59,3.54,7.19,Level1
0,0,79.72,14.6,13.11,6.34,4.86,0.67,4.05,6.83,Level1
0,0,78.18,14.78,13.52,4.53,3.25,0.66,4.04,7.03,Level1
0,0.01,79.5,15.69,13.67,4.52,3.41,0.69,4.22,6.8,Level1
0,0.01,82.03,16.13,13.89,6.07,5.99,0.7,4.33,6.67,Level1
1,0.03,83.73,15.65,13.64,5.67,2.74,0.46,2.86,7.3,Level1
4,0.27,76.29,14.78,13.12,5.67,5.22,0.67,4.23,7.18,Level1
5,0.04,75.76,15.52,12.09,9.41,7.9,0.61,3.89,7.53,Level1
13,0,76.63,15.27,13.82,7.77,5.26,0.67,4.34,7.18,Level1
9,0.06,84.49,16.1,14.02,8.99,9.74,0.64,4.18,7.48,Level1
32,0.24,83.52,16.26,14.78,9.43,8.48,0.66,4.4,7.33,Level1
17,5.1,76.28,16.63,13.5,17.2,15.13,0.49,3.27,7.76,Level1
31,0.04,70.49,16.81,12.33,17.72,13.67,0.37,2.5,7.49,Level1
37,0.02,76.53,14.97,12.35,13.23,6.46,0.44,3.05,7.8,Level1
49,0.07,85.49,16.27,14.22,9.19,9.24,0.59,4.08,7.92,Level1
61,3.96,70.79,14.67,11.9,11.3,8.12,0.45,3.16,7.48,Level1
113,0.93,67.6,13.09,11.24,14.26,13.22,0.68,4.81,6.62,Level1
56,0.01,73.74,14.21,11.94,8.91,5.3,0.66,4.72,7.16,Level1
159,0.89,74.81,14.46,12.95,13.57,7.93,0.36,2.58,7.69,Level1
615,0.01,75.5,14.62,12.44,14.14,8.98,0.32,2.33,8.31,Level1
435,0.01,82.48,15.67,13.82,4.88,3.15,0.66,4.89,7.67,Level1
501,0.12,88.4,16.28,13.94,4.13,4.01,0.66,4.92,7.84,Level1
864,0.52,83.91,14.83,13.94,9.79,8.3,0.63,4.76,8.05,Level1
1227,0.42,67.05,14.52,13.99,7.07,5.77,0.5,3.81,7.93,Level1
1522,0,73.79,15.44,13.67,6.96,4.72,0.67,5.12,7.29,Level1
2000,2.77,88.4,15.66,14.29,12.19,11.4,0.2,1.51,8.25,Level2
1438,1.67,91.98,15.17,14.61,9.29,9.78,0.3,2.35,8.25,Level1
1987,0.03,86.59,15.36,13.93,7.16,6.42,0.35,2.77,7.8,Level1
2538,0.02,80.3,15.15,13.49,5.5,4.13,0.64,5.09,7.05,Level2
3431,0.22,81.16,15.35,13.07,7.45,7.19,0.68,5.43,7.01,Level2
2833,6.79,87.74,15.61,14.32,7.05,6.24,0.57,4.59,7.86,Level2
4946,5.86,87.91,14.66,14.2,5.84,4.68,0.36,2.93,8.1,Level2
3646,3.02,82.85,15.61,14.22,9.85,7.06,0.66,5.39,7.55,Level2
4517,0.01,68.66,14.41,12.12,10.94,11.51,0.62,5.18,7.28,Level2
6584,0.67,62.9,12.27,10.37,10.03,7.15,0.6,5,7.1,Level3
7937,19.62,75.58,11.9,8.17,8.99,6.13,0.37,3.12,7.63,Level3
8578,0.76,74.04,13.13,11,7.81,7.6,0.52,4.43,7.48,Level3
7871,1.46,79.06,14.17,11.89,5.46,4.44,0.39,3.32,8.01,Level3
8189,0.22,77.86,15.57,13.77,5.28,3.72,0.54,4.67,7.79,Level3
6549,1.2,81.18,14.46,13.08,7.39,5.71,0.16,1.35,8.23,Level3
6398,0.94,83.69,15.13,13.54,11.41,11.51,0.21,1.85,8.33,Level3
9222,6.02,87.62,15.38,14.46,11.83,10.24,0.16,1.42,8.38,Level3
7719,6.09,88.69,15.34,13.03,9.6,6.92,0.22,1.91,8.32,Level3
8102,0.59,74.11,14.11,13.02,9.89,8.37,0.68,6.11,7.11,Level3
7472,0,72.82,15.28,13.41,5.54,3.99,0.7,6.29,6.57,Level3
7026,0,66.59,15.7,13.22,2.79,2.48,0.7,6.33,6.56,Level3
6023,0,61.55,16.17,14.24,3.33,2.09,0.68,6.23,6.92,Level3
4273,0,67.15,16.51,14.3,3.59,2.64,0.61,5.62,7.9,Level2
5478,0,77.63,16.89,14.96,3.2,2.47,0.57,5.26,8.16,Level3
6180,0,79.7,16.97,14.83,2.92,2.59,0.67,6.25,7.5,Level3
5756,0,77.91,17.34,15.02,2.57,2.5,0.7,6.51,6.91,Level3
4576,0,74.75,17.47,14.86,3.77,2.39,0.7,6.52,6.97,Level2
4830,0.03,75.69,17.82,15.6,6.49,6.16,0.64,6.04,8.01,Level2
4167,11.74,90.62,17.58,16.45,5.89,4.43,0.3,2.9,9.04,Level2
3477,0.15,83.53,17.17,14.98,7.06,4.24,0.61,5.83,8.26,Level2
7968,0,82.39,17.41,14.78,7.22,6.72,0.57,5.49,8.07,Level3
4040,0.11,84.04,17.59,15.99,5.56,3.7,0.44,4.28,8.61,Level2
4400,0.08,92.72,16.56,15.72,5.03,3.58,0.42,4.13,8.67,Level2
4104,6.98,93.69,18.02,15.8,5.64,4.45,0.36,3.37,8.92,Level2
1430,12.34,95.04,17.49,16.16,7.8,7.91,0.26,2.59,9.16,Level1
2585,10.76,93.17,16.56,15.35,6.92,6.39,0.33,3.96,8.97,Level2
3352,22,88.78,17.25,15.77,6.04,4.83,0.31,3.97,9,Level2
2627,2.93,86.25,16.75,15.74,9.88,7.49,0.38,3.94,8.99,Level2
3052,0.04,78.67,17.5,15.47,6.79,4.93,0.28,3.97,8.97,Level2
2767,0,76.93,17.75,15.73,3.66,1.79,0.21,3.91,8.92,Level2
2944,0.39,86.33,17.01,15.42,4.47,3.61,0.4,3.98,8.95,Level2
1729,0.65,86.94,17.53,16.31,3.38,2.46,0.32,3.92,8.94,Level1
1831,0.07,83.77,18.94,16.25,6.78,6.02,0.28,3.99,8.93,Level1
1308,0.6,80.94,18.71,17.14,7.13,6.43,0.26,3.9,8.91,Level1
2144,0.2,76.64,19.05,16.38,7.72,4.55,0.2,3.92,8.97,Level2
518,0.29,76.52,18.88,16.28,7.64,5.33,0.37,3.92,8.94,Level1
1781,0.34,76.41,18.65,16.12,7.05,4.51,0.3,3.95,8.99,Level1
0,0,62.51,2.25,-4.59,2.42,2.08,0.55,1.51,4.91,Level1
0,0.03,87.16,0.43,-7.32,3.3,3.14,0.61,1.67,4.98,Level1
0,0.66,75.48,3.24,-3.36,2.4,2.56,0.3,0.84,5.83,Level1
0,1.77,98.42,0.44,-5.24,3.12,3.05,0.47,1.29,5.56,Level1
0,0.05,78.06,0.06,-6.51,1.98,1.52,0.62,1.72,4.9,Level1
0,0,61.47,2.72,-4.18,2.06,1.96,0.64,1.79,4.94,Level1
0,0.16,87.97,0.72,-5.31,2.33,2.13,0.6,1.71,4.9,Level1
0,0,43.12,3.16,-5.17,2.14,1.87,0.58,1.67,5.26,Level1
0,0,53.24,3.54,-4.46,3.23,2.72,0.58,1.67,5.43,Level1
0,0.42,87.27,2.24,-4.83,2.85,2.69,0.59,1.71,5.18,Level1
0,0.16,84.67,0.99,-5.25,1.61,1.13,0.65,1.9,4.71,Level1
0,0,53.25,2.72,-6.28,2.48,1.71,0.68,2.01,4.88,Level1
0,0.01,66.95,0.08,-6.51,2.71,2.2,0.51,1.51,5.07,Level1
0,0.01,79.5,1.55,-6.8,3.83,3.75,0.64,1.93,5.16,Level1
0,0.05,82.79,2.39,-4.78,3.99,3.29,0.54,1.65,5.46,Level1
0,0.03,83.03,2.81,-4.46,2.87,2.27,0.65,2,4.86,Level1
0,4.27,89.55,2.81,-5.72,2.92,2.76,0.59,1.85,5.35,Level1
0,3.62,92.96,-1.82,-7.92,2.82,2.45,0.52,1.62,5.54,Level1
0,0.4,94.16,-4.27,-9.44,3.26,2.72,0.48,1.53,4.88,Level1
0,0.01,83.77,-3.69,-13.04,3.5,2.83,0.65,2.07,4.19,Level1
0,0,83.41,0.04,-11.42,3.66,3.51,0.63,2.04,5.09,Level1
0,0,67.7,1.97,-6.05,2.85,2.26,0.66,2.19,5.05,Level1
0,0.01,71.36,0.28,-6.88,4.02,3.45,0.65,2.18,4.92,Level1
0,0.02,78.61,2.44,-5.61,2.47,2.07,0.62,2.1,5.26,Level1
0,0.01,83.93,2.63,-5.09,1.93,1.72,0.58,1.99,5.65,Level1
0,0.36,89.48,2.9,-5.33,1.8,1.55,0.63,2.21,5.59,Level1
0,1.66,91.53,2.14,-4.37,2.92,2.52,0.56,1.97,5.7,Level1
0,12.65,91.22,0.54,-4.25,7.83,6.66,0.07,0.26,6.08,Level1
0,11.56,94.96,-0.88,-5.36,7.61,6.28,0.21,0.77,5.72,Level1
0,2.12,85.33,1.58,-7.3,3.01,3.26,0.52,1.94,5.65,Level1
0,1.47,93.17,4.56,0.58,3.04,3.09,0.57,2.14,5.83,Level1
0,2.25,93.36,4.44,-2.66,3.87,4.3,0.29,1.12,6.08,Level1
0,10.91,93.37,4.77,0.45,5.83,6.08,0.25,0.99,6.53,Level1
0,6.2,90.52,5.2,3.21,6.68,8.39,0.25,0.99,6.64,Level1
0,17.81,90.1,3.07,-5.3,9.37,9.13,0.19,0.76,6.15,Level1
0,3.43,90.32,-3.45,-10.7,5.77,4.8,0.52,2.1,4.95,Level1
0,0,59.31,0.29,-10.61,2.02,1.63,0.6,2.49,4.91,Level1
0,0,57.7,2.73,-5.98,2.17,1.39,0.66,2.78,4.71,Level1
0,0,75.58,2.48,-8.04,2.73,2.36,0.56,2.4,5.14,Level1
0,0.21,80.34,2.5,-6.56,6.46,4.78,0.65,2.81,5.37,Level1
0,4.06,86.62,3.85,0.96,10.66,11.99,0.29,1.28,6.38,Level1
0,9.03,90.94,2.21,-4.34,9.96,9.81,0.43,1.93,5.76,Level1
0,1.3,87.8,-1.27,-7.16,4.98,4.58,0.5,2.25,5.15,Level1
0,8.48,85.85,1.64,-7.79,6.29,5.14,0.56,2.56,5.31,Level1
0,5.81,92.39,1.23,-4.01,6.12,4.14,0.59,2.74,5.34,Level1
0,0,74.46,3.94,-4.02,3.06,3.02,0.65,3.04,5.45,Level1
0,0.04,76.21,5.04,-1.96,4.41,4.7,0.44,2.08,6.22,Level1
0,3.37,82.77,4.94,-0.87,3.84,3.4,0.43,2.06,6.49,Level1
0,1.29,87.7,0.82,-5.83,3.77,3.44,0.68,3.33,4.99,Level1
0,3.86,90.64,-0.06,-7.08,7.26,4.68,0.35,1.73,5.59,Level1
0,0.06,81.76,4.26,-7.11,4.09,2.81,0.6,3.03,5.29,Level1
0,1.38,77.19,1.35,-4.36,4.15,2.98,0.68,3.47,5.27,Level1
0,0.1,62.71,7.24,-2.09,2.35,2.17,0.69,3.54,5.47,Level1
0,0.14,68.6,7.78,0.09,4.65,5.45,0.52,2.72,6.41,Level1
0,0.54,85.42,7.96,0.56,3.79,3.98,0.71,3.79,5.79,Level1
0,2.16,82.96,4.57,-1.21,4.79,4.66,0.29,1.58,6.07,Level1
1,10.92,90.46,-0.56,-6.33,8.16,6.78,0.32,1.75,5.66,Level1
0,8.25,90.61,-0.02,-9.11,8.72,6.53,0.49,2.72,5.3,Level1
7,1.68,74.69,0.05,-8.2,6.73,3.69,0.66,3.68,5.25,Level1
4,6.35,83.98,1.9,-2.99,8.63,6.66,0.34,1.9,6.3,Level1
6,2.53,85.36,3.71,-4.14,5.06,4.1,0.53,3.01,5.81,Level1
6,12.81,88.34,1.42,-5.95,5.73,4.66,0.12,0.72,5.88,Level1
6,6.19,88.53,-2.02,-6.68,5.61,3.65,0.38,2.25,5.63,Level1
7,0.7,81.06,0.31,-8.21,2.15,1.94,0.47,2.82,5.22,Level1
20,8.73,88.37,1.1,-4,6.52,5.49,0.13,0.8,6.48,Level1
30,4.58,90.4,-0.66,-5.45,5.49,5.24,0.38,2.35,5.86,Level1
122,2.01,91.3,-1.02,-6.96,3.63,2.82,0.43,2.66,5.34,Level1
55,0.02,71.81,3.48,-9.97,1.86,1.96,0.52,3.29,5.29,Level1
68,7.13,91.47,0.12,-6.33,3.79,2.82,0.29,1.84,6.05,Level1
42,12.02,94.08,2.61,-6.36,3.31,3.42,0.19,1.2,6.17,Level1
116,1.1,90.86,6.55,1.54,2.96,3.19,0.48,3.17,6.19,Level1
152,1.78,89.61,8.05,1.15,3.83,3.82,0.47,3.11,6.21,Level1
212,2.19,87.15,3.56,-2.81,3.86,3.1,0.42,2.83,6.14,Level1
267,1.25,85.38,2.39,-3.26,2.55,1.27,0.3,2.05,6.23,Level1
238,0.2,84.21,5.16,-5.83,4.61,4.09,0.37,2.52,5.76,Level1
841,0.06,77.88,6.64,-4.2,4.12,3.26,0.58,4.01,5.57,Level1
0,0.02,80.79,7.78,-0.11,1.6,1.29,0.61,4.32,5.62,Level1
450,0.01,79.84,8.83,0.34,2.16,1.25,0.67,4.79,5.53,Level1
360,0.02,78.36,8.97,-0.38,2.35,1.96,0.63,4.55,5.49,Level1
878,4.47,88.04,4.72,0.68,2.67,2.46,0.52,3.78,6.26,Level1
952,0.57,88.69,6.26,1.25,2.36,1.54,0.61,4.47,6.12,Level1
1237,0.66,89.17,4.88,-4.22,3.75,2.66,0.29,2.17,6.74,Level1
894,0.04,80.12,2.74,-6.34,3.46,2.75,0.45,3.39,5.53,Level1
1044,0,68.71,1.01,-8.18,3.55,2.47,0.67,5.05,4.62,Level1
774,0.31,77.33,0.91,-7.58,3.01,2.15,0.41,3.11,5.39,Level1
925,0.17,79.39,1.57,-8.86,3.37,2.68,0.49,3.76,5.85,Level1
1000,0.14,85.63,6.46,-5.02,2.34,1.99,0.53,4.11,6.14,Level1
1390,0.35,86.59,6.48,-1.41,2.13,1.84,0.61,4.77,6.02,Level1
1048,4.07,90.55,3.61,-2.52,4.21,2.56,0.37,2.97,6.52,Level1
1122,3.96,88.51,-0.24,-6.42,4.26,4.21,0.2,1.61,6.49,Level1
1138,0.16,80.85,0.19,-10.4,3.62,3.14,0.42,3.41,5.47,Level1
696,0.12,76.75,2.45,-11.31,3.1,1.9,0.44,3.63,5.13,Level1
962,1.51,84.24,4.41,-5.12,2.33,1.83,0.57,4.73,5.24,Level1
1124,0.24,82.02,4.6,-3.54,2.27,1.52,0.56,4.64,5.46,Level1
1033,0.02,77.79,6.6,-4.73,2.54,1.57,0.6,5.02,5.23,Level1
974,0.08,78.94,7.42,-3.15,3.65,3.49,0.6,5.1,5.41,Level1
821,0,74.74,8.28,-3.29,3.56,3.16,0.61,5.22,5.31,Level1
552,0,70.06,9.56,0.51,2.86,2.16,0.65,5.57,5.59,Level1
590,0,68.7,9.5,-0.62,2.98,1.76,0.62,5.38,5.63,Level1
546,0.03,64.41,9.94,3.34,1.72,1.5,0.64,5.57,5.84,Level1
785,0,67.18,10.67,2.6,1.7,1.21,0.63,5.58,5.87,Level1
733,0,61.48,10.77,3.82,1.39,0.9,0.64,5.71,5.93,Level1
592,1.97,64.45,10.6,4.38,1.65,1.68,0.59,5.33,6.4,Level1
400,5.97,78.33,9.11,3.41,3.14,1.52,0.65,5.91,6.58,Level1
279,0.51,76.1,4.77,-4.53,4.23,3.23,0.64,5.84,5.64,Level1
254,0.19,73.43,10.73,-5.75,3.33,2.4,0.64,5.83,5.67,Level1
583,0,63.42,11.98,0.59,2.64,1.38,0.57,5.28,6.25,Level1
315,0.03,61.73,14.09,6.45,1.46,0.86,0.64,5.94,6.5,Level1
346,2.18,76.02,12.31,6.69,2.09,1.25,0.54,4.99,6.79,Level1
325,1.9,85.96,12.56,5.44,2.42,1.85,0.43,4.04,7.08,Level1
336,5,85.37,12.02,4.42,2.75,2.74,0.48,4.22,6.77,Level1
168,1.77,82.4,10.6,3.55,3.81,3.24,0.47,4.42,6.71,Level1
155,0.03,65.18,11.4,-0.9,4.54,3.64,0.49,4.6,6.71,Level1
205,0.02,65.54,12.66,1.64,2.43,1.78,0.46,4.25,6.72,Level1
228,0.98,74.81,12.34,4.93,2.9,2.36,0.44,4.6,6.75,Level1
181,4.34,80.93,11.83,5.97,2.31,1.9,0.42,4.38,6.72,Level1
216,6.93,83.1,9.94,5.04,1.96,1.24,0.44,4.12,6.79,Level1
167,1.63,76.51,12,4.28,1.9,1.71,0.5,4.92,6.77,Level1
103,34.43,90.94,7.86,2.28,1.93,1.26,0.49,4.56,6.72,Level1
100,5.38,82.63,7.9,0.79,3.43,2.62,0.45,4.32,6.7,Level1
143,17.34,87.25,7.57,1.38,2.89,2.9,0.47,4.77,6.73,Level1
179,1.69,80.82,7.87,1.35,2.94,0.2,0.4,4.35,6.77,Level1
119,0.68,83.52,7.82,1.32,1.06,0.26,0.43,4.6,6.79,Level1
1,0.06,70.48,13.83,4.54,5.18,4,0.43,3.32,7.42,Level1
1,0.71,79.23,12.75,4.65,7.38,7.79,0.14,1.06,7.6,Level1
16,6.98,77.87,7.5,-4.54,5.55,7.66,0.18,1.41,7.54,Level1
29,4.62,73.53,-1.47,-7.38,10.45,11.51,0.13,1.04,6.4,Level1
51,3.34,78.01,-0.24,-7.27,9.01,9.84,0.1,0.79,6.39,Level1
93,4.43,79.07,1.14,-6.51,3.86,3.89,0.21,1.75,6.29,Level1
168,7.5,88.2,1.29,-5.81,7.15,7.59,0.21,1.75,6.32,Level1
311,0.03,75.83,6.56,-7.12,3.78,3.54,0.33,2.78,6.07,Level1
277,0,56.7,11.1,-2.68,1.61,3,0.68,5.74,5.91,Level1
289,0,54.04,14.29,-0.42,3.18,3.46,0.73,6.13,6.1,Level1
293,5.62,66.08,13.67,0.46,3.01,3.88,0.63,5.34,6.82,Level1
343,0.51,75.25,12.19,1.78,3.14,3.6,0.36,3.1,6.93,Level1
561,0.01,67.25,15.37,0.52,3.31,4.09,0.71,6.13,6.31,Level1
1196,1.33,75.78,12.38,2.78,4.8,5.09,0.44,3.82,7.37,Level1
2069,5.69,77.81,12.14,3.69,4.14,4.87,0.41,3.58,7.22,Level2
1704,7.84,80.55,8.13,0.62,5.21,5.84,0.22,1.9,6.98,Level1
1815,1.06,72.78,9.57,0.38,3.9,4.73,0.26,2.3,6.73,Level1
1610,0.81,73.17,11.43,-1.82,3.63,4.07,0.64,5.68,6.6,Level1
2704,16.41,88.83,8.13,1.02,3.35,4.85,0.34,3.05,7.13,Level2
2148,2.01,78.53,11.65,0.1,3.63,4.21,0.61,5.53,6.66,Level2
2456,10.78,84.95,6.08,-2.03,6.05,7.82,0.18,1.67,6.81,Level2
2786,0.01,66.2,12.98,-2.09,2.32,3.3,0.67,6.13,6.48,Level2
3013,1.11,70.03,14.97,4.63,8.81,9.35,0.28,2.57,7.32,Level2
3135,0.1,69.56,15.54,2.16,4.66,6.11,0.61,5.67,6.56,Level2
3148,0.1,74.81,13.58,-0.13,6.72,6.72,0.62,5.76,6.63,Level2
3892,5.74,77.43,13.34,-0.78,4.84,4.94,0.46,4.33,7.06,Level2
4117,10.63,81.37,10.92,3.2,2.36,2.08,0.43,4.1,7.18,Level2
4056,1.69,80.53,10.76,-1.43,4.77,5.57,0.38,3.65,6.82,Level2
4747,0,63.88,11.02,-2.65,4.14,6.22,0.72,6.87,5.29,Level2
5138,0,65.91,11.22,-1.52,3.96,4.9,0.7,6.67,5.61,Level3
4789,0,48.1,13.66,-1.61,1.74,2.23,0.73,7.05,5.23,Level2
4093,0,51.55,16.28,2.05,3.68,4.09,0.71,6.86,5.9,Level2
4062,1.88,70.88,14.35,3.67,5.89,6.08,0.36,3.5,7.18,Level2
4281,0.75,74.32,13.73,2.57,4.14,4.77,0.55,5.43,7.19,Level2
4801,0.04,65.12,17.35,2.09,2.31,3.03,0.69,6.85,6.42,Level2
4353,0.24,62.11,18.65,6.16,3.94,4.99,0.68,6.73,6.95,Level2
3783,0,54.61,18.79,7.69,2.52,4.01,0.66,6.61,6.94,Level2
3977,0.52,59.66,19.79,8.09,3.15,4.04,0.62,6.83,6.93,Level2
4674,9.69,82.07,14.72,7.06,1.99,3.22,0.6,6.96,6.93,Level2
4611,6.17,80.54,14.26,1.85,3.62,4.89,0.63,6.83,6.95,Level2
3083,0.08,70.61,10.87,-1.93,5.04,5.16,0.64,6.86,6.93,Level2
3116,0.01,58.57,12.99,-3.13,3.57,3.48,0.6,6.79,6.91,Level2
3122,0.1,54,13.74,2.85,2.86,4.27,0.63,6.75,6.91,Level2
2861,0,54.46,14.58,-0.48,5.51,6.1,0.64,6.81,6.9,Level2
2357,0.07,54.83,16.99,4.13,3.04,3.83,0.62,6.84,6.92,Level2
2131,0.26,62.93,15.74,4.71,2.05,2.89,0.64,7,6.95,Level2
2392,1.14,61.85,16.75,6.37,2.73,3.63,0.64,6.84,6.93,Level2
2936,13.84,81.71,14.12,5.64,4.09,6.03,0.6,6.91,6.94,Level2
2615,10.85,72.57,15.17,6.64,2.75,3.72,0.66,6.73,6.9,Level2
2188,4.68,63.9,15.01,6.43,4.03,6.02,0.64,6.91,6.94,Level2
0,0,88.31,7.39,6.63,10.45,9.74,0.15,0.19,7.92,Level1
0,1.58,89.9,8.42,6.62,14.87,15.89,0.17,0.21,7.76,Level1
0,2.3,81.07,8.73,7.6,13.04,12.54,0.24,0.31,7.1,Level1
0,1.62,83.12,8.22,7.43,14.35,10.67,0.33,0.42,7.27,Level1
0,1.11,91.63,8.43,7.97,10.81,11.4,0.11,0.15,7.47,Level1
0,0.77,88.19,8.72,7.33,13.66,13.7,0.09,0.12,7.82,Level1
0,4.57,89.57,9.45,7.8,16.68,14.46,0.05,0.07,7.58,Level1
0,0.04,84.16,9.87,7.83,14.6,11.42,0.33,0.46,7.03,Level1
0,12.1,92.04,8.73,5.39,11.13,8.28,0.2,0.28,7.65,Level1
0,0.24,79.5,7.32,6.74,12.52,9.33,0.43,0.62,6.6,Level1
0,3.69,88.35,8.87,7.43,16.79,18.47,0.18,0.26,7.63,Level1
0,2.28,89.12,8.39,7.34,10.37,9.15,0.23,0.33,6.9,Level1
0,6.89,88.45,8.87,6.81,19.29,14.39,0.29,0.44,7.17,Level1
0,9.97,89.73,10.12,7.67,16.82,15.44,0.18,0.28,7.3,Level1
0,1.15,84.98,8.17,7.43,14.69,13.76,0.16,0.25,6.97,Level1
0,2.47,90.09,8.91,7.55,16.84,14.74,0.42,0.67,6.86,Level1
0,4.68,93.12,8.83,6.77,14.09,10.84,0.17,0.27,7.63,Level1
0,1.8,79.81,7.64,6.73,11.77,12.95,0.4,0.67,6.7,Level1
0,0.08,80.93,7.76,7.12,10.85,9.33,0.42,0.72,6.73,Level1
0,0.01,88.56,7.68,7.51,8.89,9.22,0.42,0.74,7.17,Level1
0,0.22,93.78,7.7,7.36,7.9,8.37,0.36,0.65,7.52,Level1
0,0.56,97.63,7.47,6.97,6.1,4.21,0.4,0.73,7.45,Level1
0,0.62,97.24,7.64,6.57,8.17,8.23,0.2,0.39,7.76,Level1
0,0.51,94.52,7.82,7.1,7.48,7.32,0.19,0.37,7.71,Level1
0,0.39,91.85,7.54,7.16,10.44,9.4,0.12,0.24,8.1,Level1
0,6.29,94.09,7.49,6.86,12.53,12.95,0.18,0.36,7.78,Level1
0,1.37,86.58,7.52,6.42,11.03,8.67,0.47,0.97,6.93,Level1
0,2.85,85.19,6.4,5.05,13.29,8.88,0.36,0.75,6.97,Level1
0,10.39,85.39,8.23,5.81,16.51,14.71,0.44,0.95,7.12,Level1
0,1.98,89.66,9.38,7.23,15.46,15.83,0.15,0.33,7.31,Level1
2,7.54,91.59,8.8,7.37,14.15,13.79,0.16,0.36,7.39,Level1
0,0.71,86.04,8.72,7.3,15.48,15.98,0.41,0.95,6.89,Level1
0,3.05,81.89,8.1,5.36,9.41,6.34,0.19,0.44,7.14,Level1
0,0.53,84.98,8.06,6.66,13.9,14.39,0.49,1.19,6.65,Level1
0,1.48,79.98,7.56,6.11,13.71,11.96,0.44,1.07,6.65,Level1
0,0.04,81.97,7.24,6.36,8.84,7.15,0.37,0.93,6.82,Level1
0,0.22,83.6,7.17,6.78,6.34,4.28,0.39,1.01,7.57,Level1
1,0.03,83.69,7.62,6.4,13.32,10.56,0.22,0.58,7.53,Level1
0,0.23,88.62,8.14,7.12,16.8,13.32,0.25,0.68,7.17,Level1
1,22.74,87.17,9.94,7.09,23.54,23.53,0.12,0.32,7.56,Level1
0,1.85,75.76,7.83,5.53,17.26,19.18,0.41,1.14,7.09,Level1
4,3.2,78.2,6.68,5.38,19.03,20.48,0.3,0.86,7.22,Level1
0,2.6,74.7,6.16,5.31,19.59,18.54,0.31,0.92,6.95,Level1
1,7.74,83.69,6.84,5.37,11.7,9.51,0.12,0.36,7.02,Level1
0,0.86,83.94,8.07,6.87,14.55,10.31,0.25,0.79,7.29,Level1
0,11.74,94.12,10.07,7.24,22.86,17.15,0.07,0.21,7.64,Level1
0,6.49,88.12,9.2,7.45,18.63,19,0.15,0.49,7.11,Level1
0,0.2,79.69,7.96,6.71,20.59,19.69,0.56,1.84,6.56,Level1
0,3.35,84.1,7.24,5.59,15.7,15.99,0.36,1.22,7.2,Level1
0,3.55,83.05,6.97,5.72,13.65,13.44,0.57,1.99,6.75,Level1
0,9.31,87.87,7.9,6.29,16.51,16.55,0.2,0.71,7.38,Level1
0,2.82,86.57,8.23,6.61,17.21,17.98,0.12,0.43,7.25,Level1
0,3.35,78.85,8.97,6.76,18.75,21.01,0.5,1.86,6.88,Level1
0,6.22,83.62,7.41,5,15.09,13.7,0.32,1.22,6.98,Level1
4,9.85,84.9,8.16,4.28,18.04,11.31,0.12,0.45,7.35,Level1
0,3.11,83.56,5.86,4.51,17.96,10.87,0.38,1.48,7.02,Level1
0,1.99,83.2,5.76,4.55,8.95,7.47,0.43,1.74,6.66,Level1
0,6.4,82.55,6.5,4.19,10.78,9.95,0.3,1.22,6.71,Level1
3,7.34,82.63,7.89,4.21,15.8,12.58,0.29,1.21,6.82,Level1
2,9.62,86.71,7.87,5.6,16.76,15.72,0.16,0.66,7.45,Level1
5,0.71,78.71,7.14,6.17,17.18,17.97,0.32,1.37,6.79,Level1
13,0.25,78.85,6.43,5.84,10.63,7.32,0.57,2.49,6.3,Level1
4,0.79,83.47,6.82,4.93,6.97,6.54,0.54,2.41,6.39,Level1
11,0.46,82.85,6.94,5.8,7.19,5.16,0.52,2.36,6.47,Level1
34,0.05,74.71,5.72,5.26,7.14,4.62,0.61,2.82,6.22,Level1
30,0.16,78.06,6.15,5.67,7.45,5.87,0.51,2.41,6.37,Level1
48,0.09,86.54,7.84,5.78,13.57,10.69,0.39,1.87,7.16,Level1
43,5.38,91.8,7.86,7.15,15.71,13.69,0.47,2.31,7.06,Level1
67,3.56,91.67,7.26,5.26,14.73,9.05,0.6,3,6.59,Level1
48,1.78,91.22,8.65,5.59,13.65,13.96,0.2,1.04,7.18,Level1
52,1.67,87.06,7.96,7,15.4,13.56,0.63,3.23,6.34,Level1
83,1.77,79.97,7.8,5.19,17.54,17.76,0.49,2.57,7.06,Level1
134,0.76,74.43,6.87,4.92,12.49,9.12,0.47,2.49,6.85,Level1
117,1.62,83.6,7.6,4.97,13.79,12.28,0.34,1.84,7.31,Level1
433,2.62,92.46,7.83,7.3,14.83,14.38,0.3,1.69,7.29,Level1
251,0.02,85.17,7.28,6.66,11.13,8.06,0.63,3.54,6.27,Level1
152,1.01,92.19,8.58,7.24,16.25,12.78,0.57,3.26,7.29,Level1
407,3.23,91.46,8.64,6.87,16.45,9.16,0.31,1.79,7.42,Level1
680,0.01,81.61,7.07,6.48,6.27,5.02,0.54,3.16,6.57,Level1
647,0.2,79.38,6.68,5.96,7.79,7.45,0.64,3.81,6.01,Level1
706,0,67.93,6.14,5.43,10.68,9.87,0.66,4.02,5.49,Level1
1035,0,69.02,6.57,5.37,10.52,10.47,0.62,3.83,5.9,Level1
665,0,70.7,7.44,6.1,12.16,12.57,0.62,3.88,6.22,Level1
967,0,74.53,7.41,6.77,12.92,13.84,0.52,3.32,6.44,Level1
1427,0,78.21,7.5,6.83,11.24,9.51,0.65,4.19,6.03,Level1
1452,0,77.17,7.56,6.24,4.89,4.21,0.68,4.43,5.51,Level1
2129,0,76.27,6.97,5.64,7.55,5.91,0.67,4.44,5.87,Level2
2885,0.06,79.8,6.98,5.15,15.8,12.86,0.42,2.83,6.51,Level2
2546,0.37,67.51,6.22,4.68,15.51,12.28,0.58,3.95,6.43,Level2
2433,0.29,80.95,6.77,5.9,9.67,9.64,0.59,4.08,6.88,Level2
2619,0.5,77.14,6.48,5.57,7.89,5.33,0.51,3.53,7.27,Level2
3009,0.91,86.3,7.16,6.51,8.7,9.28,0.25,1.79,7.65,Level2
4324,0.2,82.18,7.47,6.13,13.43,13.36,0.46,3.26,6.57,Level2
4244,0.25,75.3,6.96,5.44,10.9,9.08,0.6,4.34,6.46,Level2
4450,0.01,90.15,7.83,7.01,8.99,9.26,0.55,3.99,7.1,Level2
3735,0,83.67,9.59,7.57,11.36,11.85,0.66,4.9,6.09,Level2
5903,0.61,87.4,9.11,8.35,10.7,10.6,0.37,2.77,6.94,Level3
3802,0,88.11,8.44,7.97,7.04,6.24,0.65,4.93,6.27,Level2
3634,0.01,87.37,9.13,7.69,7.55,6.59,0.64,4.88,6.88,Level2
5491,0.08,81.96,7.99,7.09,6.69,5.49,0.63,4.9,6.85,Level3
4344,0.01,84.33,7.95,6.95,7.59,5.81,0.39,3.05,7.64,Level2
5195,5.44,91.49,8.81,7.9,10.12,10.24,0.36,2.87,7.58,Level3
8719,0.03,87.75,8.96,6.27,12.85,7.61,0.47,3.8,7.14,Level3
5288,0.1,69.55,6.04,5.61,13.02,12.17,0.46,3.75,7.15,Level3
4342,0.12,76.17,7.63,5.81,8.5,8.09,0.51,4.23,7.3,Level3
5252,0,93.08,7.81,7.68,8.63,7.72,0.67,5.54,6.27,Level3
4603,0.03,86.67,7.87,7.14,6.24,5.37,0.4,3.38,7.02,Level2
4617,0,74.91,7.08,6.24,6.84,6.48,0.53,4.52,6.71,Level2
5599,0,85.01,8.21,7.23,6.8,6.76,0.61,5.18,6.31,Level3
5525,0,82.61,8.61,7.78,7.6,8.3,0.68,5.84,5.9,Level3
5850,0,82.78,8.52,8.04,8.72,8.96,0.6,5.59,6.05,Level3
4676,0,85.21,9.25,8.44,9.93,11.08,0.57,5.66,6.19,Level2
4301,0,85.45,9.14,8.55,9.33,9.58,0.53,5.83,6.08,Level2
4451,0,88.66,8.95,8.49,5.98,5.43,0.59,5.21,6.28,Level2
4583,0.02,89.23,8.34,7.82,7.41,7.3,0.57,5.83,6.28,Level2
5386,0.01,77.54,7.92,7.66,5.92,4.09,0.57,5.47,6.19,Level3
4913,2.22,88.25,8.65,7.62,8.27,5.93,0.57,5.6,6.21,Level2
4463,3.83,87.14,8.7,7.1,4.76,3.31,0.59,5.9,6.11,Level2
4309,0.01,74.44,8.51,7.77,4.77,3.38,0.56,5.43,6.23,Level2
3996,1.29,79.8,8.35,7.77,6.75,4.29,0.54,5.75,6.3,Level2
4076,7.24,90.31,9.28,7.58,9.2,8.26,0.53,5.38,5.93,Level2
6032,5.25,76.56,8.32,7.13,8,5.47,0.57,5.35,5.9,Level3
6201,6.02,77.58,8.76,7.14,8.34,4.46,0.57,5.27,6.03,Level3
0,0,24.31,-2.63,-11.85,5.67,3.45,0.57,2.75,4.48,Level1
0,0,25.02,-2.34,-13.19,3.55,2.25,0.6,2.58,4.66,Level1
0,0.02,25.51,-1.5,-14.18,4.73,4.49,0.77,3.3,4.21,Level1
0,0.1,28.51,-0.91,-13.85,5.29,4.35,0.49,2.1,5.06,Level1
0,0.23,34.12,-5,-12.95,4.75,3.14,0.68,2.93,4.64,Level1
0,0.52,37.93,-5.15,-14.05,4.5,2.7,0.53,2.31,4.29,Level1
0,0.08,27.59,-3.2,-15.68,6.51,6.25,0.55,2.42,4.58,Level1
0,0,31.22,-2.74,-14.33,3.79,3.01,0.7,3.09,4.49,Level1
0,0.89,39.35,-3.46,-13.12,2.86,2.64,0.67,2.97,4.71,Level1
0,1.97,50.71,-7.78,-15.95,7.79,5.99,0.51,2.28,4.37,Level1
0,0.01,29,-4.73,-16.93,6.88,4.03,0.63,2.81,4.33,Level1
0,0,31.76,-3.89,-16.32,7.39,5.21,0.67,3.02,4.85,Level1
0,0,37.26,-0.51,-11.2,4.65,3.43,0.64,2.92,5.01,Level1
0,0,39.87,2.26,-9.83,4.6,3.65,0.69,3.15,5.2,Level1
0,1.75,44.53,-0.59,-11.9,7.06,4.04,0.37,1.71,4.99,Level1
0,0.26,40.83,-1.82,-15.02,3.65,3.51,0.64,2.95,4.12,Level1
0,0,35.73,-1.31,-13.5,4.7,5.07,0.66,3.07,4.35,Level1
0,0.04,51.07,-7.58,-16.58,7.42,5.69,0.68,3.23,4.26,Level1
0,0.01,45.82,-5.78,-17.49,3.31,3.05,0.68,3.23,4.34,Level1
0,0,45.75,-5.99,-18.01,4.47,3.53,0.71,3.42,4.15,Level1
1,0,37.05,-5.01,-16.24,4.62,3.94,0.68,3.29,4.13,Level1
0,0,29.9,-4.23,-15.88,5.11,4.34,0.65,3.18,4.35,Level1
0,0,29.1,-3.75,-14.49,4.86,4.21,0.69,3.41,4.16,Level1
0,0,34.82,-5.72,-16.1,3.79,2.89,0.61,3.01,4.38,Level1
1,0,30.29,-5.14,-17.2,3.88,3.15,0.7,3.52,3.95,Level1
0,0,30.56,-4.3,-16.08,3.98,3.62,0.72,3.66,4.15,Level1
3,0,36.51,-3.71,-14.17,5.84,3.93,0.57,2.91,4.51,Level1
0,0,43.74,-4.4,-15.1,5.82,3.63,0.67,3.44,4.31,Level1
0,0,31.41,-2.51,-16.8,3.98,3.24,0.75,3.92,4.06,Level1
0,0,25.95,-1.4,-16.05,4.71,4.69,0.74,3.87,4.21,Level1
1,0,34.27,-5.16,-13.25,5.12,2.9,0.73,3.87,4.57,Level1
1,0,39.93,-5.61,-15.54,7.19,4.22,0.62,3.29,4.4,Level1
1,0,26.05,-5.7,-17.44,4.92,3.42,0.71,3.85,3.76,Level1
3,0,21.87,-3.63,-17.55,5.5,4.34,0.75,4.09,4.1,Level1
0,0,20.66,-0.98,-16.75,3.86,3.17,0.74,4.06,4.39,Level1
0,0,23.79,-1.26,-11.12,3.09,2.54,0.71,3.95,4.76,Level1
1,0,22.5,-1.37,-11.21,3.51,2.62,0.76,4.28,4.27,Level1
0,0,25.07,-2.02,-11.59,4.96,3.55,0.7,3.98,4.56,Level1
0,0,26.49,-2.94,-12.09,4.42,3.12,0.75,4.31,4.39,Level1
0,0,26.21,-2.88,-13.55,4,2.66,0.76,4.41,4.29,Level1
0,0,23.37,-0.24,-15.49,4.12,3.64,0.78,4.52,4.29,Level1
1,0,18.44,1.85,-13.63,4.6,3.24,0.77,4.53,4.48,Level1
0,0,20.94,4.2,-10.85,5.67,5.11,0.78,4.61,4.79,Level1
1,0,32.45,0.83,-9.87,11.6,7.99,0.72,4.35,4.75,Level1
1,0,16.58,-0.12,-15.09,8.66,6.75,0.8,4.84,3.97,Level1
0,0,24,-2.54,-15.9,6.01,3.68,0.75,4.59,4.54,Level1
0,0,29.96,-0.35,-13.22,5.52,3.92,0.78,4.8,4.48,Level1
0,0,24.83,-0.98,-11.59,7.51,4.28,0.76,4.75,4.51,Level1
0,0,19.82,-0.42,-13.47,6.1,4.53,0.73,4.6,4.57,Level1
0,0.03,22,2.75,-10.77,9.29,8.34,0.72,4.57,5.43,Level1
0,0.07,40.98,-4.87,-14.27,10.54,8.09,0.74,4.72,4.54,Level1
1,0,27.23,2.03,-13.14,6.06,3.44,0.78,5.04,4.39,Level1
19,0,17.75,5.85,-10.38,4.77,3.87,0.82,5.32,4.56,Level1
0,0,21.47,6.29,-6.96,5.65,6.76,0.8,5.26,5.01,Level1
0,0,17.97,4,-7.72,4.23,3.4,0.82,5.43,4.69,Level1
18,0,15.53,6.24,-8.2,5.27,4.33,0.81,5.43,4.85,Level1
0,0,24.58,4.55,-4.79,6.19,5.37,0.78,5.31,5.31,Level1
6,0.01,27.28,2.58,-6.3,7.2,4.98,0.8,5.51,4.6,Level1
1,0,14.5,7.82,-6.54,7.35,5.26,0.81,5.64,4.75,Level1
6,0,36.56,5.32,-6.38,9.81,7.41,0.78,5.49,5.34,Level1
3,0,41.38,1.93,-6.55,8.62,6.21,0.66,4.69,5.8,Level1
20,0.02,29.33,1.74,-7.44,7.04,5.69,0.73,5.23,5.23,Level1
14,0.03,27.95,0.59,-8.64,4.83,4.18,0.79,5.72,4.62,Level1
22,0.02,18.56,3.89,-10.15,5.75,4.14,0.8,5.84,4.46,Level1
34,0,18.05,4.27,-6.07,8.96,5.14,0.77,5.64,4.73,Level1
74,0,22.35,4.81,-7.68,3.75,2.91,0.8,5.95,4.69,Level1
105,0.01,19.94,9.54,-5.01,5.8,4.74,0.52,3.91,5.91,Level1
95,0.58,38,1.54,-8.78,10.9,10.18,0.75,5.63,5.18,Level1
121,0.03,21.56,-0.54,-12.25,7.9,6.95,0.81,6.22,4.05,Level1
200,0.02,12.86,0.98,-11.73,3.89,2.64,0.8,6.15,4.53,Level1
271,0,18.43,3.32,-6.38,9.96,6.23,0.79,6.14,5.26,Level1
287,0,24.08,-0.1,-10.12,13.67,9.11,0.7,5.45,4.75,Level1
351,0,11.29,4.06,-10.94,2.75,2.3,0.79,6.25,4.25,Level1
511,0,12.12,8.88,-7.02,5.41,4.66,0.67,5.35,5.25,Level1
777,0.13,32.16,2.59,-5.7,8.2,5.07,0.39,3.13,5.76,Level1
823,0.01,29.17,3.7,-7.13,6.28,4.21,0.8,6.47,4.7,Level1
887,0.01,24.17,4.55,-5.67,4.96,3.56,0.74,6.07,5.21,Level1
1766,0,17.4,6.26,-7.3,6.11,5.01,0.8,6.62,4.72,Level1
2988,0,15.22,7.04,-4.56,5.68,3.83,0.8,6.62,5,Level2
4835,0,19.45,5.61,-2.98,8.19,5.52,0.52,4.35,5.81,Level2
5374,0,18.32,8.4,-3.5,3.89,2.64,0.76,6.38,4.98,Level3
7123,0,15.66,9.01,-3.69,8.56,5.58,0.81,6.87,4.88,Level3
8459,0,20.62,8.77,-4.86,7.78,4.49,0.7,6,5.77,Level3
11236,0,20.53,11.4,-4.91,5.53,4.58,0.79,6.77,5.2,Level4
8789,0.01,22.23,12.72,-1.26,9.35,5.7,0.61,5.28,6.2,Level3
13963,0,33.83,10.1,-3.29,6.89,6.29,0.67,5.82,5.98,Level4
16797,0,32.41,9.46,-4.19,7.31,5.61,0.65,5.68,5.86,Level4
18695,0.19,36.59,6.1,-1.01,5.11,3.11,0.64,5.64,5.92,Level4
19979,0.05,29.63,6.69,-3.65,7.57,4.69,0.51,4.54,5.76,Level4
18360,0.01,35.18,5.37,-4.72,8.8,7.17,0.69,6.19,5.35,Level4
21595,0.2,33.45,5.74,-5.13,11.72,6.84,0.74,6.69,5.38,Level4
24998,0,29.32,8.71,-4.1,8.55,4.94,0.79,7.16,5.28,Level4
27103,0,30.54,10.15,-2.95,5.33,4.86,0.63,5.74,5.99,Level4
28819,0.39,35.38,4.79,-4.17,4.82,5.23,0.6,5.49,5.97,Level4
32425,0,32.32,5.75,-7.1,7.31,6.12,0.79,7.3,4.92,Level5
34272,0.01,28.71,6.94,-4.8,5.95,4.38,0.73,6.84,5.51,Level5
25398,0.26,40.06,4.94,-4.5,7.73,4.02,0.63,5.9,5.56,Level4
30561,0.11,33.39,6.21,-5.42,3.67,2.47,0.75,7.08,5.13,Level5
30613,0,17.97,9.62,-3.49,4,2.7,0.8,7.54,5,Level5
33323,0,16.62,11.14,-0.95,4.21,3.59,0.76,7.23,5.11,Level5
33901,0,16.83,12.43,-1.53,3.67,3.18,0.81,7.75,5.28,Level5
35527,0,15.07,13.46,0.42,5.38,3.99,0.8,7.71,5.61,Level5
28391,0,20.59,11.3,-0.98,8.89,7.84,0.81,7.83,5.41,Level4
27620,0,24.93,12.27,-3.56,9.47,7.85,0.79,7.65,5.55,Level4
25023,0,21.43,17.38,-0.18,6.92,4.5,0.79,7.76,5.68,Level4
26922,0,20.86,19.31,1.22,6.4,4.72,0.79,7.79,5.84,Level4
30148,0.16,29.72,19.36,3.78,5.07,4.46,0.79,7.83,6.51,Level5
31667,0.98,43.13,12.37,0.14,10.8,8.11,0.6,5.94,6.53,Level5
30833,0,27.01,14.72,-1.66,8.09,5.66,0.64,0.53,6.29,Level5
32922,0,26.08,14.68,1.97,5.67,4.59,0.65,0.54,6.05,Level5
24601,2.64,50.28,9.08,-0.04,6.22,4.87,0.69,0.52,6.3,Level4
28065,0.07,33.68,9.7,-2.47,9.83,7.1,0.63,0.5,5.46,Level4
37289,0,26.22,9.82,-2.97,8.06,5.61,0.64,0.54,5.32,Level5
17588,0,23.24,8.86,-5.24,9.78,6.9,0.64,0.52,5.48,Level4
26543,0,19.27,8.09,-4.96,5.77,4.39,0.68,0.57,6.47,Level4
21352,0,20.32,9.34,-4.8,4.62,3.39,0.7,0.64,6.85,Level4
48529,0,16.61,11.57,-4.16,5.97,5.24,0.6,0.66,6.33,Level5
26857,0,20.85,13.68,-2.68,6.09,4.89,0.69,0.51,5.1,Level4
22541,0,18.6,15.06,2.27,7.06,3.77,0.65,0.5,6.32,Level4
24132,0.01,21.03,14.21,0.4,4.36,3.2,0.62,0.66,5.61,Level4
27326,0,20.47,16.36,-0.31,3.56,2.9,0.7,0.53,6.16,Level4
29917,0,20.4,14.97,-1.02,4.12,3.11,0.65,0.62,5.9,Level4
33955,0,20.58,16.02,-2.26,4.17,3.12,0.69,0.65,6.37,Level5
